year,country,region1,continent,happiness_rank,happiness_score,economy,family,life_expectancy,freedom,govt_trust,generosity,dystopia_residual
2015,Switzerland,Western Europe,Europe,1,7.587000000000001,1.3965100000000001,1.34951,0.9414299999999999,0.66557,0.41978000000000004,0.29678000000000004,2.5173799999999997
2015,Iceland,Northern Europe,Europe,2,7.561,1.3023200000000001,1.4022299999999999,0.94784,0.6287699999999999,0.14145,0.4363,2.70201
2015,Denmark,Northern Europe,Europe,3,7.527,1.32548,1.36058,0.87464,0.6493800000000001,0.48357,0.34139,2.4920400000000003
2015,Norway,Northern Europe,Europe,4,7.522,1.459,1.33095,0.88521,0.66973,0.36503,0.34699,2.4653099999999997
2015,Canada,Northern America,North America,5,7.4270000000000005,1.32629,1.32261,0.9056299999999999,0.63297,0.32957,0.45811,2.4517599999999997
2015,Finland,Northern Europe,Europe,6,7.406000000000001,1.29025,1.31826,0.8891100000000001,0.64169,0.41372,0.23351,2.61955
2015,Netherlands,Western Europe,Europe,7,7.377999999999999,1.32944,1.28017,0.89284,0.6157600000000001,0.31814000000000003,0.4761,2.4657
2015,Sweden,Northern Europe,Europe,8,7.364,1.33171,1.2890700000000002,0.9108700000000001,0.6598,0.43843999999999994,0.36262,2.3711900000000004
2015,New Zealand,Australia and New Zealand,Oceania,9,7.2860000000000005,1.2501799999999998,1.3196700000000001,0.9083700000000001,0.6393800000000001,0.42922,0.47501000000000004,2.26425
2015,Australia,Australia and New Zealand,Oceania,10,7.284,1.33358,1.30923,0.93156,0.6512399999999999,0.35636999999999996,0.43562,2.26646
2015,Israel,Western Asia,Asia,11,7.278,1.2285700000000002,1.22393,0.9138700000000001,0.41318999999999995,0.07785,0.33171999999999996,3.08854
2015,Costa Rica,Central America,North America,12,7.226,0.95578,1.2378799999999999,0.8602700000000001,0.63376,0.10583,0.25497,3.17728
2015,Austria,Western Europe,Europe,13,7.2,1.33723,1.29704,0.8904200000000001,0.62433,0.18675999999999998,0.33088,2.5332
2015,Mexico,Central America,North America,14,7.187,1.02054,0.91451,0.8144399999999999,0.48181,0.21311999999999998,0.14074,3.6021400000000003
2015,United States,Northern America,North America,15,7.119,1.3945100000000001,1.24711,0.86179,0.54604,0.1589,0.40105,2.51011
2015,Brazil,South America,South America,16,6.983,0.98124,1.2328700000000001,0.69702,0.49049,0.17521,0.14574,3.26001
2015,Luxembourg,Western Europe,Europe,17,6.946000000000001,1.5639100000000001,1.21963,0.91894,0.61583,0.37798000000000004,0.28034000000000003,1.9696099999999999
2015,Ireland,Northern Europe,Europe,18,6.94,1.33596,1.36948,0.89533,0.6177699999999999,0.28703,0.45901000000000003,1.9757
2015,Belgium,Western Europe,Europe,19,6.937,1.30782,1.28566,0.8966700000000001,0.5845,0.2254,0.2225,2.4148400000000003
2015,United Arab Emirates,Western Asia,Asia,20,6.901,1.42727,1.12575,0.80925,0.64157,0.38583,0.26428,2.24743
2015,United Kingdom,Northern Europe,Europe,21,6.867000000000001,1.26637,1.28548,0.90943,0.59625,0.32066999999999996,0.51912,1.9699400000000002
2015,Oman,Western Asia,Asia,22,6.853,1.36011,1.08182,0.76276,0.63274,0.32524000000000003,0.21541999999999997,2.4748900000000003
2015,Venezuela,South America,South America,23,6.81,1.04424,1.25596,0.7205199999999999,0.42908,0.11069000000000001,0.058410000000000004,3.1913099999999996
2015,Singapore,South-eastern Asia,Asia,24,6.797999999999999,1.52186,1.02,1.02525,0.54252,0.4921,0.31105,1.8850099999999999
2015,Panama,Central America,North America,25,6.7860000000000005,1.0635299999999999,1.1985,0.79661,0.5421,0.0927,0.24434,2.84848
2015,Germany,Western Europe,Europe,26,6.75,1.32792,1.2993700000000001,0.89186,0.6147699999999999,0.21843,0.28214,2.1156900000000003
2015,Chile,South America,South America,27,6.67,1.10715,1.12447,0.85857,0.44132,0.12869,0.33363000000000004,2.67585
2015,Qatar,Western Asia,Asia,28,6.611000000000001,1.69042,1.0786,0.79733,0.6404,0.52208,0.32573,1.55674
2015,France,Western Europe,Europe,29,6.575,1.27778,1.2603799999999998,0.9457899999999999,0.55011,0.20646,0.12332,2.21126
2015,Argentina,South America,South America,30,6.574,1.05351,1.24823,0.78723,0.44974,0.08484,0.11450999999999999,2.8360000000000003
2015,Czech Republic,Eastern Europe,Europe,31,6.505,1.17898,1.20643,0.84483,0.46363999999999994,0.02652,0.10686,2.67782
2015,Uruguay,South America,South America,32,6.485,1.06166,1.2089,0.8116,0.6036199999999999,0.24558000000000002,0.2324,2.3214200000000003
2015,Colombia,South America,South America,33,6.477,0.91861,1.2401799999999998,0.69077,0.53466,0.0512,0.18400999999999998,2.85737
2015,Thailand,South-eastern Asia,Asia,34,6.455,0.9669,1.26504,0.7385,0.5566399999999999,0.031869999999999996,0.5763,2.31945
2015,Saudi Arabia,Western Asia,Asia,35,6.4110000000000005,1.39541,1.0839299999999998,0.72025,0.31048000000000003,0.32524000000000003,0.13706,2.43872
2015,Spain,Southern Europe,Europe,36,6.329,1.23011,1.31379,0.95562,0.45951000000000003,0.06398,0.18227000000000002,2.12367
2015,Malta,Southern Europe,Europe,37,6.3020000000000005,1.2074,1.30203,0.88721,0.60365,0.13585999999999998,0.51752,1.6488
2015,Taiwan,Eastern Asia,Asia,38,6.297999999999999,1.29098,1.07617,0.8753,0.3974,0.08129,0.25376,2.32323
2015,Kuwait,Western Asia,Asia,39,6.295,1.5542200000000002,1.16594,0.72492,0.55499,0.25609,0.16228,1.8763400000000001
2015,Suriname,South America,South America,40,6.269,0.99534,0.972,0.6082,0.5965699999999999,0.13633,0.16990999999999998,2.79094
2015,Trinidad and Tobago,Caribbean,North America,41,6.167999999999999,1.21183,1.18354,0.61483,0.55884,0.0114,0.31844,2.2688200000000003
2015,El Salvador,Central America,North America,42,6.13,0.76454,1.0250700000000001,0.67737,0.4035,0.11775999999999999,0.10692,3.035
2015,Guatemala,Central America,North America,43,6.122999999999999,0.74553,1.04356,0.64425,0.57733,0.09472,0.27489,2.74255
2015,Uzbekistan,Central Asia,Asia,44,6.002999999999999,0.63244,1.34043,0.59772,0.6582100000000001,0.30826,0.22837,2.2374099999999997
2015,Slovakia,Eastern Europe,Europe,45,5.995,1.1689100000000001,1.26999,0.7890199999999999,0.31751,0.03431,0.16893,2.2463900000000003
2015,Japan,Eastern Asia,Asia,46,5.987,1.27074,1.25712,0.99111,0.49615,0.1806,0.10705,1.68435
2015,South Korea,Eastern Asia,Asia,47,5.984,1.24461,0.9577399999999999,0.9653799999999999,0.33208000000000004,0.07857,0.18557,2.21978
2015,Ecuador,South America,South America,48,5.975,0.8640200000000001,0.99903,0.79075,0.48573999999999995,0.1809,0.11540999999999998,2.5394200000000002
2015,Bahrain,Western Asia,Asia,49,5.96,1.32376,1.21624,0.74716,0.45492,0.306,0.17362,1.73797
2015,Italy,Southern Europe,Europe,50,5.9479999999999995,1.25114,1.19777,0.9544600000000001,0.26236,0.02901,0.22823000000000002,2.0251799999999998
2015,Bolivia,South America,South America,51,5.89,0.68133,0.97841,0.5392,0.57414,0.08800000000000001,0.20536,2.82334
2015,Moldova,Eastern Europe,Europe,52,5.888999999999999,0.59448,1.01528,0.61826,0.32818,0.01615,0.20951,3.10712
2015,Paraguay,South America,South America,53,5.877999999999999,0.75985,1.30477,0.66098,0.53899,0.08242000000000001,0.3424,2.18896
2015,Kazakhstan,Central Asia,Asia,54,5.855,1.1225399999999999,1.1224100000000001,0.64368,0.51649,0.08454,0.11827,2.24729
2015,Slovenia,Southern Europe,Europe,55,5.848,1.18498,1.27385,0.8733700000000001,0.60855,0.03787,0.25328,1.6158299999999999
2015,Lithuania,Northern Europe,Europe,56,5.832999999999999,1.14723,1.25745,0.73128,0.21341999999999997,0.01031,0.026410000000000003,2.4464900000000003
2015,Nicaragua,Central America,North America,57,5.827999999999999,0.59325,1.14184,0.7431399999999999,0.55475,0.19317,0.27815,2.32407
2015,Peru,South America,South America,58,5.824,0.9001899999999999,0.97459,0.73017,0.41496000000000005,0.05989,0.14982,2.5945
2015,Belarus,Eastern Europe,Europe,59,5.813,1.0319200000000002,1.23289,0.7360800000000001,0.37938,0.1909,0.11045999999999999,2.1309
2015,Poland,Eastern Europe,Europe,60,5.791,1.12555,1.27948,0.77903,0.53122,0.04212,0.16759000000000002,1.86565
2015,Malaysia,South-eastern Asia,Asia,61,5.77,1.12486,1.07023,0.7239399999999999,0.5302399999999999,0.10500999999999999,0.33075,1.8854099999999998
2015,Croatia,Southern Europe,Europe,62,5.7589999999999995,1.08254,0.79624,0.78805,0.25883,0.0243,0.054439999999999995,2.75414
2015,Libya,Northern Africa,Africa,63,5.754,1.13145,1.1186200000000002,0.7038,0.41668,0.11023,0.18295,2.0906599999999997
2015,Russia,Eastern Europe,Europe,64,5.716,1.13764,1.23617,0.6692600000000001,0.36679,0.03005,0.00199,2.27394
2015,Jamaica,Caribbean,North America,65,5.709,0.81038,1.1510200000000002,0.6874100000000001,0.50442,0.02299,0.2123,2.32038
2015,North Cyprus,Western Europe,Europe,66,5.695,1.2080600000000001,1.07008,0.92356,0.49027,0.1428,0.26169000000000003,1.5988799999999999
2015,Cyprus,Western Asia,Asia,67,5.689,1.20813,0.89318,0.92356,0.40671999999999997,0.06146,0.30638000000000004,1.8893099999999998
2015,Algeria,Northern Africa,Africa,68,5.605,0.93929,1.07772,0.61766,0.28579,0.17382999999999998,0.07822,2.43209
2015,Kosovo,Eastern Europe,Europe,69,5.5889999999999995,0.80148,0.81198,0.63132,0.24749000000000002,0.04741,0.2831,2.76579
2015,Turkmenistan,Central Asia,Asia,70,5.547999999999999,0.95847,1.22668,0.53886,0.4761,0.30844,0.16979,1.8698400000000002
2015,Mauritius,Eastern Africa,Africa,71,5.477,1.0076100000000001,0.98521,0.7095,0.56066,0.07521,0.37744,1.76145
2015,Hong Kong,Eastern Asia,Asia,72,5.474,1.38604,1.05818,1.01328,0.59608,0.37124,0.39478,0.6542899999999999
2015,Estonia,Northern Europe,Europe,73,5.428999999999999,1.15174,1.22791,0.77361,0.44888,0.15184,0.0868,1.58782
2015,Indonesia,South-eastern Asia,Asia,74,5.399,0.8282700000000001,1.0870799999999998,0.63793,0.46611,0.0,0.51535,1.86399
2015,Vietnam,South-eastern Asia,Asia,75,5.36,0.63216,0.9122600000000001,0.7467600000000001,0.59444,0.10440999999999999,0.1686,2.20173
2015,Turkey,Western Asia,Asia,76,5.332000000000001,1.06098,0.94632,0.73172,0.22815,0.15746,0.12253,2.08528
2015,Kyrgyzstan,Central Asia,Asia,77,5.2860000000000005,0.47428000000000003,1.15115,0.65088,0.43477,0.042319999999999997,0.3003,2.2327
2015,Nigeria,Western Africa,Africa,78,5.268,0.65435,0.9043200000000001,0.16007000000000002,0.34334000000000003,0.0403,0.27233,2.89319
2015,Bhutan,Southern Asia,Asia,79,5.252999999999999,0.77042,1.10395,0.57407,0.5320600000000001,0.15445,0.47998,1.63794
2015,Azerbaijan,Western Asia,Asia,80,5.212000000000001,1.02389,0.9379299999999999,0.64045,0.3703,0.16065,0.07799,2.00073
2015,Pakistan,Southern Asia,Asia,81,5.194,0.59543,0.41411000000000003,0.51466,0.12102,0.10464000000000001,0.33671,3.1070900000000004
2015,Jordan,Western Asia,Asia,82,5.192,0.9019799999999999,1.05392,0.69639,0.40660999999999997,0.14293,0.11052999999999999,1.8799599999999999
2015,Montenegro,Southern Europe,Europe,82,5.192,0.9743799999999999,0.9055700000000001,0.72521,0.1826,0.14296,0.1614,2.10017
2015,China,Eastern Asia,Asia,84,5.14,0.89012,0.94675,0.81658,0.5169699999999999,0.02781,0.08185,1.8604
2015,Zambia,Eastern Africa,Africa,85,5.129,0.47038,0.91612,0.29924,0.48827,0.12468,0.19591,2.6343
2015,Romania,Eastern Europe,Europe,86,5.124,1.04345,0.8858799999999999,0.7689,0.35068,0.006490000000000001,0.13748,1.9312900000000002
2015,Serbia,Southern Europe,Europe,87,5.122999999999999,0.92053,1.0096399999999999,0.74836,0.20107,0.02617,0.19230999999999998,2.025
2015,Portugal,Southern Europe,Europe,88,5.102,1.15991,1.13935,0.8751899999999999,0.51469,0.01078,0.13719,1.26462
2015,Latvia,Northern Europe,Europe,89,5.098,1.11312,1.09562,0.72437,0.29671,0.06332,0.18225999999999998,1.62215
2015,Philippines,South-eastern Asia,Asia,90,5.073,0.70532,1.03516,0.58114,0.62545,0.12279000000000001,0.24991,1.7536
2015,Somaliland region,Eastern Africa,Africa,91,5.0569999999999995,0.18847,0.95152,0.43873,0.46581999999999996,0.39928,0.5031800000000001,2.11032
2015,Morocco,Northern Africa,Africa,92,5.013,0.7347899999999999,0.64095,0.60954,0.41691000000000006,0.08546000000000001,0.07172,2.4537299999999997
2015,Macedonia,Southern Europe,Europe,93,5.007,0.91851,1.00232,0.73545,0.33457,0.053270000000000005,0.22359,1.7393299999999998
2015,Mozambique,Eastern Africa,Africa,94,4.971,0.08308,1.02626,0.09131,0.34037,0.15603,0.22269,3.05137
2015,Albania,Southern Europe,Europe,95,4.959,0.8786700000000001,0.8043399999999999,0.81325,0.35733000000000004,0.06412999999999999,0.14272,1.89894
2015,Bosnia and Herzegovina,Southern Europe,Europe,96,4.949,0.8322299999999999,0.9191600000000001,0.79081,0.09245,0.00227,0.24808000000000002,2.06367
2015,Lesotho,Southern Africa,Africa,97,4.898,0.37545,1.04103,0.07612000000000001,0.31767,0.12504,0.16388,2.79832
2015,Dominican Republic,Caribbean,North America,98,4.885,0.8953700000000001,1.17202,0.66825,0.57672,0.14234000000000002,0.21684,1.21305
2015,Laos,South-eastern Asia,Asia,99,4.876,0.5906600000000001,0.73803,0.54909,0.59591,0.24249,0.42191999999999996,1.7379900000000001
2015,Mongolia,Eastern Asia,Asia,100,4.874,0.82819,1.3006,0.60268,0.43626000000000004,0.026660000000000003,0.3323,1.34759
2015,Swaziland,Southern Africa,Africa,101,4.867,0.71206,1.07284,0.07566,0.30658,0.0306,0.18259,2.48676
2015,Greece,Southern Europe,Europe,102,4.857,1.15406,0.9293299999999999,0.88213,0.07699,0.013969999999999998,0.0,1.8010099999999998
2015,Lebanon,Western Asia,Asia,103,4.8389999999999995,1.0256399999999999,0.80001,0.83947,0.33916,0.04582,0.21854,1.57059
2015,Hungary,Eastern Europe,Europe,104,4.8,1.12094,1.20215,0.75905,0.32111999999999996,0.02758,0.128,1.24074
2015,Honduras,Central America,North America,105,4.788,0.59532,0.9534799999999999,0.6951,0.40148,0.06825,0.23026999999999997,1.84408
2015,Tajikistan,Central Asia,Asia,106,4.7860000000000005,0.39047,0.8556299999999999,0.5737899999999999,0.47216,0.15072,0.22974,2.1139900000000003
2015,Tunisia,Northern Africa,Africa,107,4.739,0.88113,0.60429,0.73793,0.26268,0.06358,0.06431,2.12466
2015,Palestinian Territories,Western Asia,Asia,108,4.715,0.59867,0.92558,0.66015,0.24499,0.12905,0.11250999999999999,2.0438400000000003
2015,Bangladesh,Southern Asia,Asia,109,4.694,0.39753,0.43106000000000005,0.60164,0.4082,0.12569,0.21222,2.51767
2015,Iran,Southern Asia,Asia,110,4.686,1.0088,0.54447,0.69805,0.30033000000000004,0.058629999999999995,0.38086,1.6944
2015,Ukraine,Eastern Europe,Europe,111,4.681,0.79907,1.20278,0.6739,0.25123,0.02961,0.15275,1.5714
2015,Iraq,Western Asia,Asia,112,4.677,0.98549,0.81889,0.60237,0.0,0.13788,0.17922000000000002,1.95335
2015,South Africa,Southern Africa,Africa,113,4.6419999999999995,0.9204899999999999,1.18468,0.27688,0.33207,0.08884,0.11972999999999999,1.7195599999999998
2015,Ghana,Western Africa,Africa,114,4.633,0.5455800000000001,0.6795399999999999,0.40131999999999995,0.42341999999999996,0.04355,0.23087,2.30919
2015,Zimbabwe,Eastern Africa,Africa,115,4.61,0.271,1.0327600000000001,0.33475,0.25861,0.08079,0.18987,2.44191
2015,Liberia,Western Africa,Africa,116,4.571000000000001,0.0712,0.78968,0.34201,0.28531,0.06232000000000001,0.24361999999999998,2.7772900000000003
2015,India,Southern Asia,Asia,117,4.565,0.64499,0.38174,0.5152899999999999,0.39786,0.08492000000000001,0.26475,2.27513
2015,Sudan,Northern Africa,Africa,118,4.55,0.52107,1.01404,0.36878,0.10081,0.1466,0.19062,2.20857
2015,Haiti,Caribbean,North America,119,4.518,0.26673,0.74302,0.38847,0.24425,0.17175,0.46187,2.24173
2015,Congo (Kinshasa),Middle Africa,Africa,120,4.5169999999999995,0.0,1.0012,0.09806000000000001,0.22605,0.07625,0.24834,2.86712
2015,Nepal,Southern Asia,Asia,121,4.513999999999999,0.35996999999999996,0.86449,0.5687399999999999,0.38282,0.059070000000000004,0.32295999999999997,1.9563700000000002
2015,Ethiopia,Eastern Africa,Africa,122,4.512,0.19072999999999998,0.60406,0.44055,0.4345,0.15048,0.24325,2.44876
2015,Sierra Leone,Western Africa,Africa,123,4.507,0.33024000000000003,0.9557100000000001,0.0,0.4084,0.08786000000000001,0.21488000000000002,2.51009
2015,Mauritania,Western Africa,Africa,124,4.436,0.45407,0.86908,0.35874,0.24231999999999998,0.17461,0.21899999999999997,2.11773
2015,Kenya,Eastern Africa,Africa,125,4.419,0.36471,0.99876,0.41435,0.42215,0.05839,0.37542,1.78555
2015,Djibouti,Eastern Africa,Africa,126,4.369,0.44025,0.59207,0.36291,0.46074,0.28105,0.18093,2.05125
2015,Armenia,Western Asia,Asia,127,4.35,0.7682100000000001,0.7771100000000001,0.7299,0.19847,0.039,0.07855,1.75873
2015,Botswana,Southern Africa,Africa,128,4.332,0.99355,1.10464,0.047760000000000004,0.49495,0.12474,0.10461,1.46181
2015,Myanmar,South-eastern Asia,Asia,129,4.3069999999999995,0.27108000000000004,0.70905,0.48246000000000006,0.44017,0.19034,0.79588,1.41805
2015,Georgia,Western Asia,Asia,130,4.297,0.7419,0.38561999999999996,0.72926,0.40576999999999996,0.38331,0.055470000000000005,1.59541
2015,Malawi,Eastern Africa,Africa,131,4.292,0.016040000000000002,0.41134,0.22562,0.43054,0.06977,0.33128,2.8079099999999997
2015,Sri Lanka,Southern Asia,Asia,132,4.271,0.83524,1.01905,0.70806,0.5372600000000001,0.09179,0.40828000000000003,0.67108
2015,Cameroon,Middle Africa,Africa,133,4.252,0.4225,0.8876700000000001,0.23401999999999998,0.49309,0.05786,0.20618000000000003,1.95071
2015,Bulgaria,Eastern Europe,Europe,134,4.218,1.01216,1.10614,0.76649,0.30587,0.00872,0.11921,0.89991
2015,Egypt,Northern Africa,Africa,135,4.194,0.8818,0.747,0.61712,0.17288,0.06324,0.11291,1.59927
2015,Yemen,Western Asia,Asia,136,4.077,0.5464899999999999,0.68093,0.40064,0.35570999999999997,0.07854,0.09131,1.92313
2015,Angola,Middle Africa,Africa,137,4.033,0.75778,0.8604,0.16683,0.10384000000000002,0.07122,0.12344000000000001,1.9493900000000002
2015,Mali,Western Africa,Africa,138,3.995,0.26074,1.03526,0.20583,0.38856999999999997,0.12352,0.18798,1.79293
2015,Congo (Brazzaville),Middle Africa,Africa,139,3.989,0.67866,0.6629,0.31051,0.41466000000000003,0.11685999999999999,0.12387999999999999,1.68135
2015,Comoros,Eastern Africa,Africa,140,3.9560000000000004,0.23906,0.79273,0.36315,0.22916999999999998,0.19899999999999998,0.17440999999999998,1.95812
2015,Uganda,Eastern Africa,Africa,141,3.931,0.21101999999999999,1.13299,0.33860999999999997,0.45726999999999995,0.07267,0.29066,1.42766
2015,Senegal,Western Africa,Africa,142,3.904,0.36498,0.97619,0.4354,0.36772,0.10712999999999999,0.20843000000000003,1.44395
2015,Gabon,Middle Africa,Africa,143,3.8960000000000004,1.06024,0.90528,0.43372,0.31914000000000003,0.11091,0.06822,0.99895
2015,Niger,Western Africa,Africa,144,3.845,0.0694,0.77265,0.29707,0.47691999999999996,0.15639,0.19387000000000001,1.87877
2015,Cambodia,South-eastern Asia,Asia,145,3.819,0.46038,0.62736,0.61114,0.66246,0.07247,0.40359,0.98195
2015,Tanzania,Eastern Africa,Africa,146,3.781,0.2852,1.00268,0.38215,0.32878,0.05747000000000001,0.34376999999999996,1.38079
2015,Madagascar,Eastern Africa,Africa,147,3.681,0.20824,0.66801,0.46721,0.19184,0.08123999999999999,0.21333000000000002,1.851
2015,Central African Republic,Middle Africa,Africa,148,3.678,0.0785,0.0,0.06699,0.48878999999999995,0.08288999999999999,0.23835,2.7223
2015,Chad,Middle Africa,Africa,149,3.667,0.34193,0.76062,0.1501,0.23501,0.05269,0.18386,1.9429599999999998
2015,Guinea,Western Africa,Africa,150,3.656,0.17417,0.46475,0.24009,0.37725,0.12139000000000001,0.28657,1.9917200000000002
2015,Ivory Coast,Western Africa,Africa,151,3.655,0.46534,0.77115,0.15185,0.46866,0.17922000000000002,0.20165,1.41723
2015,Burkina Faso,Western Africa,Africa,152,3.5869999999999997,0.25811999999999996,0.85188,0.27125,0.39493,0.12832000000000002,0.21746999999999997,1.46494
2015,Afghanistan,Southern Asia,Asia,153,3.575,0.31982,0.30285,0.30335,0.23414000000000001,0.09719,0.3651,1.9521
2015,Rwanda,Eastern Africa,Africa,154,3.465,0.22208000000000003,0.7737,0.42863999999999997,0.59201,0.55191,0.22628,0.67042
2015,Benin,Western Africa,Africa,155,3.34,0.28665,0.35386,0.3191,0.4845,0.0801,0.1826,1.6332799999999998
2015,Syria,Western Asia,Asia,156,3.0060000000000002,0.6632,0.47489,0.7219300000000001,0.15684,0.18905999999999998,0.47179,0.32858000000000004
2015,Burundi,Eastern Africa,Africa,157,2.905,0.0153,0.41586999999999996,0.22396,0.1185,0.10062,0.19727,1.83302
2015,Togo,Western Africa,Africa,158,2.839,0.20868,0.13995,0.28443,0.36453,0.10730999999999999,0.16680999999999999,1.56726
2016,Denmark,Northern Europe,Europe,1,7.526,1.4417799999999998,1.16374,0.79504,0.5794100000000001,0.44453000000000004,0.36171,2.73939
2016,Switzerland,Western Europe,Europe,2,7.5089999999999995,1.5273299999999999,1.14524,0.86303,0.58557,0.41203,0.28083,2.69463
2016,Iceland,Northern Europe,Europe,3,7.501,1.42666,1.18326,0.8673299999999999,0.56624,0.14975,0.47678000000000004,2.83137
2016,Norway,Northern Europe,Europe,4,7.497999999999999,1.57744,1.1269,0.79579,0.59609,0.35775999999999997,0.37895,2.66465
2016,Finland,Northern Europe,Europe,5,7.412999999999999,1.40598,1.1346399999999999,0.81091,0.57104,0.41003999999999996,0.25492,2.82596
2016,Canada,Northern America,North America,6,7.404,1.44015,1.0961,0.8276,0.5737,0.31329,0.44833999999999996,2.70485
2016,Netherlands,Western Europe,Europe,7,7.3389999999999995,1.46468,1.02912,0.8123100000000001,0.55211,0.29927,0.47416,2.70749
2016,New Zealand,Australia and New Zealand,Oceania,8,7.334,1.36066,1.17278,0.83096,0.5814699999999999,0.41903999999999997,0.49401000000000006,2.47553
2016,Australia,Australia and New Zealand,Oceania,9,7.313,1.4444299999999999,1.10476,0.8512,0.5683699999999999,0.32331,0.47407,2.5465
2016,Sweden,Northern Europe,Europe,10,7.291,1.45181,1.08764,0.83121,0.58218,0.40867,0.38254,2.54734
2016,Israel,Western Asia,Asia,11,7.267,1.33766,0.9953700000000001,0.8491700000000001,0.36432,0.08728,0.32288,3.31029
2016,Austria,Western Europe,Europe,12,7.119,1.45038,1.0838299999999998,0.80565,0.54355,0.21348000000000003,0.32865,2.6934299999999998
2016,United States,Northern America,North America,13,7.104,1.50796,1.04782,0.779,0.48163,0.14868,0.41076999999999997,2.72782
2016,Costa Rica,Central America,North America,14,7.087000000000001,1.06879,1.02152,0.76146,0.55225,0.10547000000000001,0.22553,3.3516800000000004
2016,Puerto Rico,Caribbean,North America,15,7.039,1.35943,1.08113,0.77758,0.46823000000000004,0.12275,0.22202,3.0076
2016,Germany,Western Europe,Europe,16,6.994,1.44787,1.09774,0.81487,0.53466,0.28551,0.30451999999999996,2.5093099999999997
2016,Brazil,South America,South America,17,6.952000000000001,1.08754,1.03938,0.61415,0.40425,0.14165999999999998,0.15775999999999998,3.5073300000000005
2016,Belgium,Western Europe,Europe,18,6.928999999999999,1.42539,1.05249,0.8195899999999999,0.51354,0.26248,0.2424,2.61355
2016,Ireland,Northern Europe,Europe,19,6.907,1.4834100000000001,1.16157,0.81455,0.54008,0.29754,0.44963000000000003,2.15988
2016,Luxembourg,Western Europe,Europe,20,6.871,1.6975200000000001,1.03999,0.8454200000000001,0.5487,0.35329,0.27571,2.11055
2016,Mexico,Central America,North America,21,6.778,1.1150799999999998,0.7146,0.71143,0.37709000000000004,0.18355,0.11735,3.5590599999999997
2016,Singapore,South-eastern Asia,Asia,22,6.739,1.64555,0.8675799999999999,0.94719,0.4877,0.46986999999999995,0.32706,1.99375
2016,United Kingdom,Northern Europe,Europe,23,6.725,1.40283,1.0867200000000001,0.80991,0.50036,0.27399,0.50156,2.1499900000000003
2016,Chile,South America,South America,24,6.705,1.2167,0.9058700000000001,0.8188300000000001,0.37789,0.11450999999999999,0.31595,2.95505
2016,Panama,Central America,North America,25,6.7010000000000005,1.18306,0.9891200000000001,0.70835,0.48927,0.08423,0.2418,3.00559
2016,Argentina,South America,South America,26,6.65,1.15137,1.0661200000000002,0.69711,0.42283999999999994,0.07296,0.10989000000000002,3.12985
2016,Czech Republic,Eastern Europe,Europe,27,6.596,1.30915,1.00793,0.76376,0.41418,0.03986,0.09929,2.96211
2016,United Arab Emirates,Western Asia,Asia,28,6.5729999999999995,1.57352,0.8711399999999999,0.72993,0.56215,0.35561,0.26591,2.21507
2016,Uruguay,South America,South America,29,6.545,1.18157,1.0314299999999998,0.72183,0.54388,0.21394000000000002,0.18056,2.67139
2016,Malta,Southern Europe,Europe,30,6.4879999999999995,1.30782,1.09879,0.80315,0.54994,0.17554,0.56237,1.99032
2016,Colombia,South America,South America,31,6.481,1.0303200000000001,1.02169,0.59659,0.44735,0.053989999999999996,0.15625999999999998,3.1747099999999997
2016,France,Western Europe,Europe,32,6.478,1.39488,1.00508,0.83795,0.46562,0.17808,0.1216,2.4744
2016,Thailand,South-eastern Asia,Asia,33,6.474,1.0893,1.04477,0.64915,0.49553,0.02833,0.58696,2.5796
2016,Saudi Arabia,Western Asia,Asia,34,6.379,1.48953,0.84829,0.59267,0.37904,0.30008,0.15457,2.61482
2016,Taiwan,Eastern Asia,Asia,34,6.379,1.39729,0.92624,0.79565,0.32377,0.0663,0.25495,2.61523
2016,Qatar,Western Asia,Asia,36,6.375,1.82427,0.87964,0.71723,0.56679,0.48049,0.32388,1.5822399999999999
2016,Spain,Southern Europe,Europe,37,6.361000000000001,1.34253,1.12945,0.8789600000000001,0.37545,0.06137000000000001,0.17665,2.39663
2016,Algeria,Northern Africa,Africa,38,6.355,1.05266,0.83309,0.6180399999999999,0.21006,0.16157,0.07044,3.40904
2016,Guatemala,Central America,North America,39,6.324,0.83454,0.8711899999999999,0.5403899999999999,0.50379,0.08701,0.28808,3.19863
2016,Suriname,South America,South America,40,6.269,1.09686,0.77866,0.5093300000000001,0.5223399999999999,0.12692,0.16665,3.06852
2016,Kuwait,Western Asia,Asia,41,6.239,1.61714,0.8775799999999999,0.63569,0.43166000000000004,0.23669,0.15965,2.28085
2016,Bahrain,Western Asia,Asia,42,6.218,1.44024,0.9439700000000001,0.65696,0.47375,0.25772,0.17147,2.27405
2016,Trinidad and Tobago,Caribbean,North America,43,6.167999999999999,1.32572,0.98569,0.52608,0.48453,0.01241,0.31935,2.5139400000000003
2016,Venezuela,South America,South America,44,6.084,1.1336700000000002,1.03302,0.6190399999999999,0.19847,0.08304,0.0425,2.9746799999999998
2016,Slovakia,Eastern Europe,Europe,45,6.077999999999999,1.27973,1.0826799999999999,0.70367,0.23390999999999998,0.02947,0.13837,2.61065
2016,El Salvador,Central America,North America,46,6.068,0.8737,0.80975,0.596,0.37269,0.10613,0.08877,3.22134
2016,Malaysia,South-eastern Asia,Asia,47,6.005,1.25142,0.88025,0.62366,0.39031,0.09081,0.41473999999999994,2.35384
2016,Nicaragua,Central America,North America,48,5.992000000000001,0.69384,0.8952100000000001,0.65213,0.46581999999999996,0.16292,0.29773,2.82428
2016,Uzbekistan,Central Asia,Asia,49,5.987,0.7359100000000001,1.1681,0.50163,0.60848,0.28333,0.34326,2.34638
2016,Italy,Southern Europe,Europe,50,5.977,1.35495,1.04167,0.8510200000000001,0.18827,0.02556,0.16684000000000002,2.34918
2016,Ecuador,South America,South America,51,5.976,0.97306,0.85974,0.68613,0.4027,0.18037,0.10074,2.77366
2016,Belize,Central America,North America,52,5.956,0.87616,0.68655,0.45569,0.51231,0.10770999999999999,0.23684000000000002,3.08039
2016,Japan,Eastern Asia,Asia,53,5.921,1.3800700000000001,1.06054,0.91491,0.46761,0.18985,0.10224,1.8058400000000001
2016,Kazakhstan,Central Asia,Asia,54,5.919,1.22943,0.95544,0.57386,0.4052,0.11132,0.15011,2.49325
2016,Moldova,Eastern Europe,Europe,55,5.897,0.69177,0.8313200000000001,0.5230899999999999,0.25201999999999997,0.019030000000000002,0.19997,3.38007
2016,Russia,Eastern Europe,Europe,56,5.856,1.2322799999999998,1.05261,0.58991,0.32682,0.03586,0.027360000000000002,2.59115
2016,Poland,Eastern Europe,Europe,57,5.835,1.24585,1.04685,0.69058,0.4519,0.055,0.14443,2.20035
2016,South Korea,Eastern Asia,Asia,57,5.835,1.35948,0.7219399999999999,0.88645,0.25168,0.07716,0.18824000000000002,2.35015
2016,Bolivia,South America,South America,59,5.822,0.79422,0.8377899999999999,0.4697,0.50961,0.07746,0.21698,2.91635
2016,Lithuania,Northern Europe,Europe,60,5.813,1.2692,1.0641100000000001,0.64674,0.18929,0.0182,0.02025,2.60525
2016,Belarus,Eastern Europe,Europe,61,5.8020000000000005,1.1306200000000002,1.04993,0.6310399999999999,0.29091,0.17457,0.13942000000000002,2.3858200000000003
2016,North Cyprus,Western Europe,Europe,62,5.771,1.31141,0.81826,0.8414200000000001,0.43596,0.16577999999999998,0.26322,1.9344700000000001
2016,Slovenia,Southern Europe,Europe,63,5.768,1.2994700000000001,1.05613,0.79151,0.53164,0.03635,0.25738,1.79522
2016,Peru,South America,South America,64,5.742999999999999,0.9960200000000001,0.81255,0.6299399999999999,0.37501999999999996,0.05292,0.14527,2.73117
2016,Turkmenistan,Central Asia,Asia,65,5.6579999999999995,1.08017,1.03817,0.44006000000000006,0.37408,0.28467,0.22566999999999998,2.21489
2016,Mauritius,Eastern Africa,Africa,66,5.648,1.14372,0.75695,0.66189,0.46145,0.05202999999999999,0.36951,2.20223
2016,Libya,Northern Africa,Africa,67,5.615,1.0668799999999998,0.95076,0.52304,0.40671999999999997,0.10339000000000001,0.17087,2.39374
2016,Latvia,Northern Europe,Europe,68,5.56,1.2178799999999999,0.95025,0.63952,0.27996,0.0889,0.17445,2.20859
2016,Cyprus,Western Asia,Asia,69,5.546,1.31857,0.70697,0.8488,0.29507,0.05227999999999999,0.27906,2.04497
2016,Paraguay,South America,South America,70,5.537999999999999,0.8937299999999999,1.11111,0.58295,0.46235,0.07396,0.25296,2.16091
2016,Romania,Eastern Europe,Europe,71,5.528,1.1697,0.7280300000000001,0.67602,0.36712,0.006790000000000001,0.12889,2.4518400000000002
2016,Estonia,Northern Europe,Europe,72,5.517,1.2796399999999999,1.0516299999999998,0.68098,0.41511000000000003,0.18519000000000002,0.08423,1.81985
2016,Jamaica,Caribbean,North America,73,5.51,0.89333,0.96372,0.5946899999999999,0.43596999999999997,0.04294,0.22245,2.35682
2016,Croatia,Southern Europe,Europe,74,5.4879999999999995,1.18649,0.6080899999999999,0.70524,0.23906999999999998,0.04002,0.18434,2.52462
2016,Hong Kong,Eastern Asia,Asia,75,5.457999999999999,1.5107,0.87021,0.9527700000000001,0.48078999999999994,0.31647,0.40097,0.92614
2016,Somalia,Eastern Africa,Africa,76,5.44,0.0,0.33613000000000004,0.11465999999999998,0.5677800000000001,0.3118,0.27225,3.8377199999999996
2016,Kosovo,Eastern Europe,Europe,77,5.401,0.90145,0.66062,0.54,0.14396,0.06547,0.27992,2.80998
2016,Turkey,Western Asia,Asia,78,5.388999999999999,1.1649200000000002,0.8771700000000001,0.64718,0.23889000000000002,0.12347999999999999,0.04707,2.29074
2016,Indonesia,South-eastern Asia,Asia,79,5.314,0.95104,0.87625,0.49373999999999996,0.39237,0.00322,0.56521,2.03171
2016,Jordan,Western Asia,Asia,80,5.303,0.9967299999999999,0.86216,0.60712,0.36023,0.13297,0.14262,2.20142
2016,Azerbaijan,Western Asia,Asia,81,5.291,1.12373,0.76042,0.54504,0.35327,0.17914000000000002,0.0564,2.2735
2016,Philippines,South-eastern Asia,Asia,82,5.279,0.81217,0.87877,0.47036000000000006,0.5485399999999999,0.11757000000000001,0.21674000000000002,2.23484
2016,China,Eastern Asia,Asia,83,5.245,1.0278,0.79381,0.73561,0.44011999999999996,0.02745,0.049589999999999995,2.17087
2016,Bhutan,Southern Asia,Asia,84,5.196000000000001,0.8527,0.9083600000000001,0.49759,0.46074,0.1616,0.48546000000000006,1.82916
2016,Kyrgyzstan,Central Asia,Asia,85,5.185,0.5604399999999999,0.95434,0.5544899999999999,0.40212,0.047619999999999996,0.38432,2.28136
2016,Serbia,Southern Europe,Europe,86,5.1770000000000005,1.03437,0.81329,0.6458,0.15718,0.04339,0.20736999999999997,2.2753900000000002
2016,Bosnia and Herzegovina,Southern Europe,Europe,87,5.162999999999999,0.9338299999999999,0.64367,0.7076600000000001,0.09511,0.0,0.29889,2.48406
2016,Montenegro,Southern Europe,Europe,88,5.1610000000000005,1.07838,0.74173,0.6353300000000001,0.15111,0.12721,0.17190999999999998,2.2553099999999997
2016,Dominican Republic,Caribbean,North America,89,5.155,1.02787,0.9949600000000001,0.5766899999999999,0.52259,0.12372000000000001,0.21286,1.6962599999999999
2016,Morocco,Northern Africa,Africa,90,5.151,0.8405799999999999,0.38595,0.5947100000000001,0.25645999999999997,0.08404,0.040530000000000004,2.9489099999999997
2016,Hungary,Eastern Europe,Europe,91,5.145,1.24142,0.9316399999999999,0.67608,0.1977,0.044719999999999996,0.099,1.9547299999999999
2016,Pakistan,Southern Asia,Asia,92,5.132000000000001,0.68816,0.26135,0.40306,0.14622000000000002,0.1388,0.31185,3.18286
2016,Lebanon,Western Asia,Asia,93,5.129,1.12268,0.64184,0.76171,0.26228,0.030610000000000002,0.23693000000000003,2.0733900000000003
2016,Portugal,Southern Europe,Europe,94,5.122999999999999,1.27607,0.9436700000000001,0.7936300000000001,0.44727,0.01521,0.11690999999999999,1.53015
2016,Macedonia,Southern Europe,Europe,95,5.121,1.0193,0.78236,0.6473800000000001,0.27668000000000004,0.07047,0.23506999999999997,2.08947
2016,Vietnam,South-eastern Asia,Asia,96,5.061,0.74037,0.7911699999999999,0.66157,0.5595399999999999,0.11556,0.25075,1.9418
2016,Somaliland Region,Eastern Africa,Africa,97,5.0569999999999995,0.25558000000000003,0.75862,0.33108000000000004,0.3913,0.36794,0.51479,2.43801
2016,Tunisia,Northern Africa,Africa,98,5.045,0.97724,0.43165,0.59577,0.23553000000000002,0.0817,0.03936,2.68413
2016,Greece,Southern Europe,Europe,99,5.033,1.24886,0.75473,0.80029,0.05822000000000001,0.04127,0.0,2.12944
2016,Tajikistan,Central Asia,Asia,100,4.996,0.48835,0.75602,0.5311899999999999,0.43408,0.13509000000000002,0.25998000000000004,2.39106
2016,Mongolia,Eastern Asia,Asia,101,4.907,0.9885299999999999,1.0898299999999999,0.55469,0.35972,0.03285,0.34539000000000003,1.53586
2016,Laos,South-eastern Asia,Asia,102,4.876,0.68042,0.5497,0.38291,0.52168,0.22423,0.43078999999999995,2.08637
2016,Nigeria,Western Africa,Africa,103,4.875,0.75216,0.64498,0.05108,0.27854,0.0305,0.23219,2.8858599999999996
2016,Honduras,Central America,North America,104,4.871,0.69429,0.7559600000000001,0.5838300000000001,0.26755,0.06906,0.2044,2.2955099999999997
2016,Iran,Southern Asia,Asia,105,4.813,1.11758,0.38856999999999997,0.64232,0.22544,0.0557,0.38538,1.99817
2016,Zambia,Eastern Africa,Africa,106,4.795,0.61202,0.6376,0.23573000000000002,0.42662,0.11479,0.17865999999999999,2.5899099999999997
2016,Nepal,Southern Asia,Asia,107,4.793,0.44626000000000005,0.69699,0.50073,0.37012,0.07007999999999999,0.3816,2.32694
2016,Palestinian Territories,Western Asia,Asia,108,4.754,0.67024,0.71629,0.56844,0.17744000000000001,0.10613,0.11154000000000001,2.40364
2016,Albania,Southern Europe,Europe,109,4.655,0.9553,0.50163,0.73007,0.31866,0.05301,0.1684,1.9281599999999999
2016,Bangladesh,Southern Asia,Asia,110,4.643,0.54177,0.24749000000000002,0.52989,0.39778,0.12583,0.19132000000000002,2.6090400000000002
2016,Sierra Leone,Western Africa,Africa,111,4.635,0.36485,0.628,0.0,0.30685,0.08196,0.23897,3.01402
2016,Iraq,Western Asia,Asia,112,4.575,1.07474,0.59205,0.51076,0.24856,0.13635999999999998,0.19589,1.81657
2016,Namibia,Southern Africa,Africa,113,4.574,0.9328700000000001,0.70362,0.34745,0.48613999999999996,0.10397999999999999,0.07795,1.92198
2016,Cameroon,Middle Africa,Africa,114,4.513,0.5249699999999999,0.62542,0.12697999999999998,0.42736,0.06126,0.2268,2.5198
2016,Ethiopia,Eastern Africa,Africa,115,4.508,0.29283000000000003,0.37932,0.34578000000000003,0.36703,0.1717,0.29522,2.65614
2016,South Africa,Southern Africa,Africa,116,4.459,1.02416,0.9605299999999999,0.18611,0.42483000000000004,0.08415,0.13656,1.6422700000000001
2016,Sri Lanka,Southern Asia,Asia,117,4.415,0.9731799999999999,0.84783,0.62007,0.50817,0.07964,0.46978000000000003,0.91681
2016,India,Southern Asia,Asia,118,4.404,0.74036,0.29247,0.45091000000000003,0.40285,0.08722,0.25028,2.18032
2016,Myanmar,South-eastern Asia,Asia,119,4.395,0.34112,0.69981,0.3988,0.42691999999999997,0.20243,0.81971,1.50655
2016,Egypt,Northern Africa,Africa,120,4.362,0.95395,0.49813,0.5211600000000001,0.18847,0.10393,0.12705999999999998,1.96895
2016,Armenia,Western Asia,Asia,121,4.36,0.8608600000000001,0.6247699999999999,0.64083,0.14037,0.036160000000000005,0.07793,1.9786400000000002
2016,Kenya,Eastern Africa,Africa,122,4.356,0.52267,0.7624,0.30146999999999996,0.40576,0.06686,0.41328000000000004,1.88326
2016,Ukraine,Eastern Europe,Europe,123,4.324,0.87287,1.01413,0.58628,0.12859,0.01829,0.20363,1.50066
2016,Ghana,Western Africa,Africa,124,4.276,0.63107,0.49353,0.29681,0.40973000000000004,0.0326,0.21203000000000002,2.2002
2016,Congo (Kinshasa),Middle Africa,Africa,125,4.272,0.05661,0.80676,0.188,0.15602,0.06075,0.25458000000000003,2.7492400000000004
2016,Georgia,Western Asia,Asia,126,4.252,0.8379200000000001,0.19249000000000002,0.64035,0.32461,0.3188,0.06786,1.87031
2016,Congo (Brazzaville),Middle Africa,Africa,127,4.236000000000001,0.7710899999999999,0.47798999999999997,0.28212,0.37938,0.09752999999999999,0.12077,2.10681
2016,Senegal,Western Africa,Africa,128,4.218999999999999,0.44314,0.7741600000000001,0.40457,0.31056,0.11681,0.19103,1.9786099999999998
2016,Bulgaria,Eastern Europe,Europe,129,4.217,1.11306,0.92542,0.67806,0.21219000000000002,0.00615,0.12793,1.15377
2016,Mauritania,Western Africa,Africa,130,4.2010000000000005,0.6139100000000001,0.8414200000000001,0.28639000000000003,0.1268,0.17955,0.22685999999999998,1.9263
2016,Zimbabwe,Eastern Africa,Africa,131,4.1930000000000005,0.35041,0.71478,0.1595,0.25429,0.08582000000000001,0.18503,2.4427
2016,Malawi,Eastern Africa,Africa,132,4.156000000000001,0.08709,0.147,0.29364,0.4143,0.07564,0.30968,2.82859
2016,Sudan,Northern Africa,Africa,133,4.138999999999999,0.63069,0.8192799999999999,0.29759,0.0,0.10039,0.18077000000000001,2.10995
2016,Gabon,Middle Africa,Africa,134,4.121,1.15851,0.72368,0.3494,0.28098,0.09314,0.062439999999999996,1.4533200000000002
2016,Mali,Western Africa,Africa,135,4.073,0.31292,0.8633299999999999,0.16347,0.27544,0.13647,0.21064000000000002,2.1108700000000002
2016,Haiti,Caribbean,North America,136,4.0280000000000005,0.34097,0.29561,0.27494,0.12072000000000001,0.14476,0.47958,2.3711599999999997
2016,Botswana,Southern Africa,Africa,137,3.9739999999999998,1.09426,0.89186,0.34752,0.44088999999999995,0.10769000000000001,0.12425,0.96741
2016,Comoros,Eastern Africa,Africa,138,3.9560000000000004,0.27509,0.60323,0.29980999999999997,0.15412,0.18437,0.1827,2.25632
2016,Ivory Coast,Western Africa,Africa,139,3.9160000000000004,0.55507,0.57576,0.04476,0.40663,0.1553,0.20338,1.97478
2016,Cambodia,South-eastern Asia,Asia,140,3.907,0.55604,0.5375,0.42494,0.5885199999999999,0.08092,0.40339,1.3157299999999998
2016,Angola,Middle Africa,Africa,141,3.866,0.84731,0.66366,0.04991,0.00589,0.08434,0.12070999999999998,2.09459
2016,Niger,Western Africa,Africa,142,3.8560000000000003,0.1327,0.6053,0.26161999999999996,0.38040999999999997,0.17176,0.2097,2.09469
2016,South Sudan,Eastern Africa,Africa,143,3.832,0.39394,0.18519000000000002,0.15780999999999998,0.19662000000000002,0.13015,0.25899,2.50929
2016,Chad,Middle Africa,Africa,144,3.763,0.42213999999999996,0.63178,0.038239999999999996,0.12807000000000002,0.04952,0.18667,2.3063700000000003
2016,Burkina Faso,Western Africa,Africa,145,3.739,0.31995,0.63054,0.21297,0.3337,0.12533,0.24353000000000002,1.8731900000000001
2016,Uganda,Eastern Africa,Africa,145,3.739,0.34719,0.90981,0.19625,0.43653000000000003,0.06442,0.27102,1.51416
2016,Yemen,Western Asia,Asia,147,3.7239999999999998,0.57939,0.47493,0.31048000000000003,0.2287,0.05892000000000001,0.09821,1.97295
2016,Madagascar,Eastern Africa,Africa,148,3.695,0.27954,0.46115,0.37109000000000003,0.13684000000000002,0.07506,0.2204,2.15075
2016,Tanzania,Eastern Africa,Africa,149,3.6660000000000004,0.47155,0.77623,0.35700000000000004,0.3176,0.05099,0.31472,1.3776899999999999
2016,Liberia,Western Africa,Africa,150,3.622,0.10705999999999999,0.50353,0.23165,0.25748000000000004,0.04852,0.24063,2.23284
2016,Guinea,Western Africa,Africa,151,3.6069999999999998,0.22415,0.3109,0.18829,0.30953,0.1192,0.29914,2.15604
2016,Rwanda,Eastern Africa,Africa,152,3.515,0.32846,0.6158600000000001,0.31865,0.5432,0.50521,0.23551999999999998,0.96819
2016,Benin,Western Africa,Africa,153,3.484,0.39499,0.10419,0.21028000000000002,0.39747,0.06681000000000001,0.2018,2.10812
2016,Afghanistan,Southern Asia,Asia,154,3.36,0.38227,0.11037000000000001,0.17344,0.1643,0.07112,0.31268,2.14558
2016,Togo,Western Africa,Africa,155,3.303,0.28123000000000004,0.0,0.24811,0.34678000000000003,0.11587,0.17517,2.1354
2016,Syria,Western Asia,Asia,156,3.069,0.7471899999999999,0.14866,0.6299399999999999,0.06912,0.17232999999999998,0.48396999999999996,0.81789
2016,Burundi,Eastern Africa,Africa,157,2.905,0.06831,0.23442,0.15747,0.0432,0.09419,0.2029,2.1040400000000004
2017,Norway,Northern Europe,Europe,1,7.537000179,1.616463184,1.53352356,0.796666503,0.635422587,0.315963835,0.362012237,2.277026653
2017,Denmark,Northern Europe,Europe,2,7.521999836,1.4823830130000002,1.5511215930000002,0.792565525,0.6260067220000001,0.400770068,0.355280489,2.3137073519999998
2017,Iceland,Northern Europe,Europe,3,7.504000187000001,1.48063302,1.6105740069999999,0.8335521220000001,0.627162635,0.153526559,0.47554022100000004,2.322715282
2017,Switzerland,Western Europe,Europe,4,7.493999958,1.5649795530000001,1.516911745,0.858131289,0.620070577,0.367007285,0.290549278,2.276716232
2017,Finland,Northern Europe,Europe,5,7.468999863,1.443571925,1.540246725,0.80915767,0.6179508570000001,0.38261154299999994,0.24548277300000002,2.430181503
2017,Netherlands,Western Europe,Europe,6,7.376999855,1.503944635,1.4289392230000002,0.810696125,0.585384488,0.282661825,0.47048983,2.294804096
2017,Canada,Northern America,North America,7,7.315999985,1.479204416,1.481348991,0.834557652,0.611100912,0.287371516,0.435539722,2.187264442
2017,New Zealand,Australia and New Zealand,Oceania,8,7.31400013,1.405706048,1.548195124,0.8167597059999999,0.61406213,0.382816702,0.500005126,2.046456337
2017,Sweden,Northern Europe,Europe,9,7.28399992,1.494387269,1.478162169,0.830875158,0.612924099,0.384398729,0.385399252,2.097537994
2017,Australia,Australia and New Zealand,Oceania,10,7.28399992,1.484414935,1.510041952,0.843886793,0.6016073820000001,0.30118373,0.47769925,2.0652108190000003
2017,Israel,Western Asia,Asia,11,7.212999821,1.375382423,1.3762899640000001,0.838404,0.405988604,0.0852421,0.330082655,2.801757336
2017,Costa Rica,Central America,North America,12,7.078999996,1.109706283,1.416403651,0.759509265,0.58013165,0.10010658900000001,0.214613229,2.898639202
2017,Austria,Western Europe,Europe,13,7.006000042,1.4870972630000001,1.459944963,0.8153284190000001,0.56776619,0.221060365,0.316472322,2.138506413
2017,United States,Northern America,North America,14,6.993000031,1.546259284,1.419920564,0.7742866279999999,0.5057405229999999,0.135638788,0.392578781,2.218113422
2017,Ireland,Northern Europe,Europe,15,6.977000237,1.535706639,1.558231115,0.809782624,0.573110342,0.298388153,0.427858323,1.7738690380000002
2017,Germany,Western Europe,Europe,16,6.951000214,1.4879233840000001,1.472520351,0.798950732,0.562511384,0.276731938,0.33626917,2.015769958
2017,Belgium,Western Europe,Europe,17,6.890999794,1.463780761,1.462312698,0.8180918690000001,0.539770722,0.251343131,0.231503338,2.124210358
2017,Luxembourg,Western Europe,Europe,18,6.862999916000001,1.7419435980000002,1.457583666,0.845089495,0.596627891,0.318834424,0.28318098199999997,1.6195120809999999
2017,United Kingdom,Northern Europe,Europe,19,6.714000225,1.44163394,1.49646008,0.8053359390000001,0.508190036,0.265428066,0.492774159,1.704143524
2017,Chile,South America,South America,20,6.65199995,1.25278461,1.2840249540000002,0.819479704,0.37689527899999997,0.082287982,0.32666242100000004,2.509585857
2017,United Arab Emirates,Western Asia,Asia,21,6.647999763,1.626343369,1.2664102320000001,0.7267982359999999,0.60834527,0.324489564,0.36094194700000004,1.734703541
2017,Brazil,South America,South America,22,6.635000229,1.10735321,1.431306005,0.616552353,0.437453747,0.111092761,0.162349895,2.769267082
2017,Czech Republic,Eastern Europe,Europe,23,6.609000206,1.352682352,1.4338852169999998,0.7544440029999999,0.49094617399999996,0.036872927,0.088106759,2.451861858
2017,Argentina,South America,South America,24,6.598999977,1.1852954629999999,1.440451145,0.6951370840000001,0.494519204,0.059739888,0.109457061,2.614005327
2017,Mexico,Central America,North America,25,6.578000069,1.153183818,1.21086216,0.709978998,0.412730008,0.132774115,0.12099043300000001,2.837154865
2017,Singapore,South-eastern Asia,Asia,26,6.5720000270000005,1.69227767,1.3538143630000001,0.949492395,0.549840569,0.464307785,0.34596598100000003,1.2163620000000002
2017,Malta,Southern Europe,Europe,27,6.52699995,1.343279839,1.488411665,0.8219442370000001,0.588767052,0.153066069,0.574730575,1.556862831
2017,Uruguay,South America,South America,28,6.453999996,1.217559695,1.412227869,0.7192168240000001,0.5793922539999999,0.178061873,0.17509692899999998,2.1724095340000003
2017,Guatemala,Central America,North America,29,6.453999996,0.8720019459999999,1.255585194,0.54023999,0.531310618,0.077223279,0.283488393,2.8938910960000004
2017,Panama,Central America,North America,30,6.452000141,1.233748436,1.373192549,0.706156135,0.550026834,0.070983924,0.210556939,2.307199955
2017,France,Western Europe,Europe,31,6.441999912000001,1.430923462,1.3877768519999998,0.844465852,0.470222116,0.172502428,0.129762307,2.0059547419999997
2017,Thailand,South-eastern Asia,Asia,32,6.423999786,1.127868772,1.425792456,0.647239029,0.580200732,0.031612735,0.57212311,2.039508343
2017,Taiwan Province of China,Eastern Asia,Asia,33,6.421999931,1.4336265330000002,1.3845653530000002,0.7939842340000001,0.361466587,0.063829236,0.258360475,2.1266074180000003
2017,Spain,Southern Europe,Europe,34,6.402999877999999,1.384397864,1.532090902,0.8889606,0.40878123,0.070914097,0.190133572,1.92775774
2017,Qatar,Western Asia,Asia,35,6.375,1.870765686,1.27429688,0.710098088,0.604130983,0.439299256,0.33047387,1.14546442
2017,Colombia,South America,South America,36,6.3569998739999996,1.070622325,1.4021829369999999,0.5950279239999999,0.477487415,0.046668742,0.149014473,2.616068125
2017,Saudi Arabia,Western Asia,Asia,37,6.343999863,1.530623555,1.2866775990000001,0.59014833,0.449750572,0.273432255,0.14761601400000002,2.065429688
2017,Trinidad and Tobago,Caribbean,North America,38,6.168000221000001,1.361355901,1.380228519,0.519983292,0.518630743,0.008964816,0.325296462,2.053247452
2017,Kuwait,Western Asia,Asia,39,6.105000018999999,1.6329524519999998,1.259698749,0.632105708,0.49633759299999997,0.21515955,0.22828979800000002,1.640425205
2017,Slovakia,Eastern Europe,Europe,40,6.09800005,1.325393558,1.505059242,0.7127329109999999,0.295817465,0.024210852,0.136544481,2.0977766509999998
2017,Bahrain,Western Asia,Asia,41,6.086999893,1.488412261,1.323110461,0.653133035,0.5367469189999999,0.25704217,0.17266848699999998,1.656149387
2017,Malaysia,South-eastern Asia,Asia,42,6.084000111,1.29121542,1.284646034,0.618784428,0.40226498200000005,0.065600708,0.41660893,2.004448891
2017,Nicaragua,Central America,North America,43,6.071000099,0.737299204,1.28721571,0.653095961,0.447551847,0.13068798199999998,0.30167421699999997,2.513930559
2017,Ecuador,South America,South America,44,6.007999897,1.0008203979999999,1.286168814,0.6856362220000001,0.45519819899999997,0.140134647,0.150112465,2.290352583
2017,El Salvador,Central America,North America,45,6.002999783,0.9097844959999999,1.182125092,0.596018553,0.43245253,0.08998096,0.078257985,2.714593887
2017,Poland,Eastern Europe,Europe,46,5.97300005,1.291787863,1.44571197,0.699475348,0.520342112,0.059307806,0.15846596699999999,1.7977228159999998
2017,Uzbekistan,Central Asia,Asia,47,5.971000195,0.786441088,1.54896915,0.498272628,0.658248663,0.24652822300000002,0.415983647,1.816913605
2017,Italy,Southern Europe,Europe,48,5.964000225,1.395066619,1.444923282,0.8531443479999999,0.256450713,0.028028091,0.17278964800000002,1.813312054
2017,Russia,Eastern Europe,Europe,49,5.962999821,1.2817780970000001,1.469282389,0.547349334,0.37378311200000003,0.032962881,0.052263822,2.205607414
2017,Belize,Central America,North America,50,5.9559998510000005,0.9079753159999999,1.081417799,0.450191766,0.547509372,0.09658107199999999,0.240015641,2.631955624
2017,Japan,Eastern Asia,Asia,51,5.920000076,1.4169151780000002,1.436337829,0.9134758709999999,0.505625546,0.163760737,0.12057276800000001,1.363223553
2017,Lithuania,Northern Europe,Europe,52,5.90199995,1.314582348,1.4735161069999998,0.62894994,0.234231785,0.011865643,0.010164656999999999,2.228440523
2017,Algeria,Northern Africa,Africa,53,5.872000217,1.091864467,1.146217465,0.6175846460000001,0.233335808,0.14609611,0.069436647,2.5676038269999997
2017,Latvia,Northern Europe,Europe,54,5.849999905,1.260748625,1.4047149419999998,0.638566971,0.325707912,0.073842727,0.153074786,1.993655205
2017,South Korea,Eastern Asia,Asia,55,5.837999821,1.4016784430000002,1.1282744409999999,0.9002140759999999,0.257921666,0.063282669,0.206674367,1.880378008
2017,Moldova,Eastern Europe,Europe,56,5.837999821,0.72887063,1.251825571,0.589465201,0.24072904899999997,0.010091286,0.208779126,2.807808399
2017,Romania,Eastern Europe,Europe,57,5.8249998089999995,1.217683911,1.15009129,0.685158312,0.45700374200000005,0.004387901,0.13351991800000002,2.176831484
2017,Bolivia,South America,South America,58,5.822999954,0.8337565659999999,1.227619052,0.47363025,0.558732927,0.060477725999999996,0.225560725,2.443279028
2017,Turkmenistan,Central Asia,Asia,59,5.8220000270000005,1.130776763,1.4931491609999998,0.43772608,0.418271929,0.25927034,0.24992498800000001,1.832909822
2017,Kazakhstan,Central Asia,Asia,60,5.818999767,1.28455627,1.384369016,0.606041551,0.43745428299999994,0.11928288599999999,0.201964423,1.784892559
2017,North Cyprus,Western Europe,Europe,61,5.809999942999999,1.346911311,1.186303377,0.834647238,0.471203625,0.155353352,0.266845703,1.549157619
2017,Slovenia,Southern Europe,Europe,62,5.757999897,1.341205955,1.452518821,0.790828228,0.572575808,0.04512897900000001,0.242649093,1.3133172990000002
2017,Peru,South America,South America,63,5.715000152999999,1.0352252720000001,1.218770385,0.6301661129999999,0.45000287899999997,0.047049087,0.126819715,2.20726943
2017,Mauritius,Eastern Africa,Africa,64,5.629000187000001,1.189395547,1.20956099,0.638007462,0.49124732600000004,0.042181555,0.360933751,1.697583914
2017,Cyprus,Western Asia,Asia,65,5.620999812999999,1.3559380769999998,1.131363273,0.8447147009999999,0.355111539,0.041237976,0.27125430100000003,1.621249199
2017,Estonia,Northern Europe,Europe,66,5.611000061,1.32087934,1.4766711000000001,0.695168316,0.47913143,0.18324892199999998,0.098890811,1.357508659
2017,Belarus,Eastern Europe,Europe,67,5.568999767,1.15655756,1.444945216,0.637714267,0.29540026199999997,0.156313822,0.155137509,1.723232985
2017,Libya,Northern Africa,Africa,68,5.525000095,1.101803064,1.35756433,0.52016902,0.46573323,0.09261021,0.152073666,1.8350112440000002
2017,Turkey,Western Asia,Asia,69,5.5,1.1982743740000001,1.337753177,0.637605608,0.30074059999999997,0.09967158,0.046693042000000004,1.879277945
2017,Paraguay,South America,South America,70,5.493000031,0.932537317,1.50728488,0.579250693,0.47350779200000004,0.09106591300000001,0.224150658,1.68533349
2017,Hong Kong,Eastern Asia,Asia,71,5.472000122000001,1.551674843,1.2627909179999999,0.943062425,0.490968645,0.29393374899999997,0.374465793,0.554633141
2017,Philippines,South-eastern Asia,Asia,72,5.429999828,0.857699215,1.253917575,0.468009055,0.5852146739999999,0.099331893,0.19351342300000002,1.9726047519999999
2017,Serbia,Southern Europe,Europe,73,5.394999981000001,1.069317579,1.258189797,0.650784671,0.208715528,0.040903781,0.220125884,1.9470844269999998
2017,Jordan,Western Asia,Asia,74,5.335999966,0.9910123940000001,1.239088893,0.604590058,0.418421149,0.11980327199999999,0.17217046,1.791176558
2017,Hungary,Eastern Europe,Europe,75,5.323999882,1.286011934,1.343133092,0.687763453,0.175863519,0.036636937,0.078401662,1.716459274
2017,Jamaica,Caribbean,North America,76,5.31099987,0.9255793090000001,1.3682180640000001,0.641022384,0.474307239,0.055267780999999995,0.233818337,1.6123256680000002
2017,Croatia,Southern Europe,Europe,77,5.293000221000001,1.222556233,0.9679830070000001,0.7012885209999999,0.255772293,0.04310311,0.248002976,1.854492426
2017,Kosovo,Eastern Europe,Europe,78,5.278999805,0.9514843820000001,1.1378535029999999,0.54145205,0.260287941,0.057471617999999995,0.319931448,2.010540724
2017,China,Eastern Asia,Asia,79,5.2729997630000005,1.0811657909999999,1.160837412,0.741415501,0.472787708,0.022794275,0.028806841,1.7649385930000001
2017,Pakistan,Southern Asia,Asia,80,5.269000053,0.7268835309999999,0.67269069,0.402047783,0.23521526199999998,0.12434806699999999,0.31544601899999997,2.79248929
2017,Indonesia,South-eastern Asia,Asia,81,5.262000083999999,0.995538592,1.274444699,0.492345721,0.443323463,0.015317135,0.6117045879999999,1.429476976
2017,Venezuela,South America,South America,82,5.25,1.128431201,1.431337595,0.617144227,0.153997123,0.064491123,0.06501963,1.7894637580000001
2017,Montenegro,Southern Europe,Europe,83,5.236999989,1.121129036,1.238376498,0.667464674,0.194989055,0.088174194,0.197911024,1.729191542
2017,Morocco,Northern Africa,Africa,84,5.235000134,0.878114581,0.774864435,0.597710669,0.408158332,0.08776318300000001,0.032209955,2.456189394
2017,Azerbaijan,Western Asia,Asia,85,5.234000206,1.153601766,1.152400255,0.540775776,0.398155838,0.180987507,0.04526934,1.7624816890000001
2017,Dominican Republic,Caribbean,North America,86,5.230000018999999,1.0793738370000001,1.402416706,0.574873745,0.552589834,0.11394525300000001,0.18696785,1.31946516
2017,Greece,Southern Europe,Europe,87,5.2270002369999995,1.2894874809999999,1.239414573,0.810198903,0.09573125099999999,0.043289777,0.0,1.749221563
2017,Lebanon,Western Asia,Asia,88,5.224999905,1.0749875309999999,1.129624248,0.735081077,0.288515985,0.03751383,0.264450759,1.695073843
2017,Portugal,Southern Europe,Europe,89,5.195000172,1.315175295,1.3670430180000002,0.7958435420000001,0.4984653,0.015869452,0.095102713,1.107682705
2017,Bosnia and Herzegovina,Southern Europe,Europe,90,5.18200016,0.9824094179999999,1.069335938,0.7051863070000001,0.204403177,0.0,0.328867495,1.892172575
2017,Honduras,Central America,North America,91,5.181000233,0.730573118,1.143944979,0.58256948,0.34807986,0.073345453,0.236188874,2.0658111569999997
2017,Macedonia,Southern Europe,Europe,92,5.1750001910000005,1.0645779370000001,1.2078930140000002,0.644948184,0.325905979,0.060277794,0.253760964,1.617469311
2017,Somalia,Eastern Africa,Africa,93,5.151000023,0.022643184,0.721151352,0.11398913699999999,0.602126956,0.282410324,0.291631311,3.11748457
2017,Vietnam,South-eastern Asia,Asia,94,5.073999882,0.788547575,1.277491331,0.652168989,0.571055591,0.08763323699999999,0.234968051,1.4623186590000001
2017,Nigeria,Western Africa,Africa,95,5.073999882,0.783756256,1.215770483,0.05691573,0.394952565,0.026121566000000002,0.23094719600000002,2.365390539
2017,Tajikistan,Central Asia,Asia,96,5.040999889,0.524713635,1.271463275,0.529235125,0.47156670700000003,0.14637714599999999,0.248997644,1.84904933
2017,Bhutan,Southern Asia,Asia,97,5.011000156000001,0.8854163890000001,1.340126514,0.495879292,0.5015376810000001,0.17338039,0.474054545,1.140184402
2017,Kyrgyzstan,Central Asia,Asia,98,5.004000187,0.596220076,1.394238591,0.5534577970000001,0.454943389,0.039439179,0.428580374,1.5367231369999999
2017,Nepal,Southern Asia,Asia,99,4.961999893,0.47982019200000003,1.179283261,0.504130781,0.44030594799999995,0.072975546,0.394096166,1.891241074
2017,Mongolia,Eastern Asia,Asia,100,4.954999924,1.0272358659999998,1.4930112359999999,0.557783484,0.394143969,0.032902289,0.33846423,1.111292362
2017,South Africa,Southern Africa,Africa,101,4.828999996,1.054698706,1.3847886319999998,0.18708007,0.479246736,0.072509497,0.13936238,1.5109086040000002
2017,Tunisia,Northern Africa,Africa,102,4.804999828,1.007265806,0.86835146,0.613212049,0.28968069,0.086723149,0.049693357,1.89025116
2017,Palestinian Territories,Western Asia,Asia,103,4.775000095,0.716249228,1.1556471590000001,0.565666974,0.254711062,0.08928260199999999,0.114173174,1.878890276
2017,Egypt,Northern Africa,Africa,104,4.735000134,0.989701807,0.997471392,0.520187259,0.282110155,0.114381365,0.128631443,1.7021610740000002
2017,Bulgaria,Eastern Europe,Europe,105,4.714000225,1.161459088,1.4343794580000002,0.70821768,0.289231718,0.011051531000000002,0.11317769400000001,0.996139288
2017,Sierra Leone,Western Africa,Africa,106,4.709000111,0.368420929,0.984136045,0.005564754,0.318697691,0.071095176,0.293040901,2.668459892
2017,Cameroon,Middle Africa,Africa,107,4.695000172,0.564305365,0.946018219,0.132892117,0.43038874899999996,0.051306631,0.236298457,2.333645582
2017,Iran,Southern Asia,Asia,108,4.691999912,1.156873107,0.7115512490000001,0.639333189,0.249322608,0.048761072999999995,0.38724291299999997,1.4987349509999999
2017,Albania,Southern Europe,Europe,109,4.644000053,0.996192753,0.803685248,0.7311597470000001,0.381498635,0.039864216,0.201312944,1.490441561
2017,Bangladesh,Southern Asia,Asia,110,4.607999802,0.586682975,0.7351317409999999,0.533241034,0.47835665899999996,0.123717859,0.172255352,1.978736162
2017,Namibia,Southern Africa,Africa,111,4.573999882,0.9644343259999999,1.098470807,0.33861181100000004,0.520303547,0.093146972,0.077133745,1.481890202
2017,Kenya,Eastern Africa,Africa,112,4.552999973,0.560479462,1.0679507259999999,0.30998835,0.452763766,0.064641319,0.444860309,1.651902199
2017,Mozambique,Eastern Africa,Africa,113,4.5500001910000005,0.23430565,0.870701015,0.106654435,0.48079109200000003,0.179436386,0.32222810399999996,2.355650902
2017,Myanmar,South-eastern Asia,Asia,114,4.545000076,0.36711055,1.123235941,0.397522569,0.514492035,0.188816205,0.8380751609999999,1.115290403
2017,Senegal,Western Africa,Africa,115,4.534999847,0.47930902200000003,1.179691911,0.40936285299999997,0.37792226700000003,0.11546044800000001,0.183468893,1.789646149
2017,Zambia,Eastern Africa,Africa,116,4.513999939,0.636406779,1.0031872990000001,0.257835895,0.461603492,0.07821355,0.249580145,1.826705456
2017,Iraq,Western Asia,Asia,117,4.497000217,1.102710485,0.978613198,0.50118047,0.28855553300000003,0.107215755,0.19963726399999998,1.3189072609999999
2017,Gabon,Middle Africa,Africa,118,4.465000153,1.198210239,1.155620217,0.356578588,0.312328577,0.076046787,0.043785378,1.322916269
2017,Ethiopia,Eastern Africa,Africa,119,4.460000038,0.339233845,0.864669204,0.353409708,0.40884274200000004,0.165455714,0.31265074,2.015743732
2017,Sri Lanka,Southern Asia,Asia,120,4.440000057,1.009850144,1.259976387,0.6251308320000001,0.561213255,0.073653966,0.49086356200000003,0.419389248
2017,Armenia,Western Asia,Asia,121,4.375999928,0.900596738,1.0074837209999998,0.637524426,0.198303267,0.026674422000000003,0.083488092,1.5214991569999998
2017,India,Southern Asia,Asia,122,4.315000057,0.7922212479999999,0.754372597,0.455427617,0.469987005,0.092226885,0.231538489,1.519117117
2017,Mauritania,Western Africa,Africa,123,4.291999817,0.648457289,1.27203083,0.28534928,0.09609804300000001,0.136957005,0.20187002399999998,1.651637316
2017,Congo (Brazzaville),Middle Africa,Africa,124,4.290999889,0.808964252,0.832044363,0.28995743399999996,0.435025871,0.07961813400000001,0.120852128,1.7241356369999998
2017,Georgia,Western Asia,Asia,125,4.285999775,0.9506126640000001,0.570614934,0.649546981,0.309410036,0.251666635,0.054008815,1.500137806
2017,Congo (Kinshasa),Middle Africa,Africa,126,4.28000021,0.092102349,1.229023457,0.191407025,0.23596134800000002,0.060241355999999996,0.246455833,2.2249586580000003
2017,Mali,Western Africa,Africa,127,4.190000057,0.476180494,1.281473398,0.169365674,0.306613743,0.10497024699999999,0.183354199,1.668190956
2017,Ivory Coast,Western Africa,Africa,128,4.179999828,0.603048921,0.90478003,0.04864217,0.447706193,0.130061775,0.20123747,1.8449642659999999
2017,Cambodia,South-eastern Asia,Asia,129,4.168000221000001,0.601765096,1.006238341,0.429783404,0.633375823,0.068105951,0.385922968,1.042941093
2017,Sudan,Northern Africa,Africa,130,4.138999939,0.6595166920000001,1.21400857,0.29092082399999997,0.014995855,0.08984752,0.18231745100000002,1.68706584
2017,Ghana,Western Africa,Africa,131,4.1199998860000004,0.6672248239999999,0.873664737,0.295637727,0.42302629399999997,0.02533637,0.25692394399999996,1.5778675080000002
2017,Ukraine,Eastern Europe,Europe,132,4.096000195,0.8946519490000001,1.394537568,0.575903952,0.122974776,0.023029471,0.270061463,0.814382315
2017,Uganda,Eastern Africa,Africa,133,4.0809998510000005,0.381430715,1.129827738,0.217632607,0.443185955,0.057069719000000005,0.325766057,1.526362658
2017,Burkina Faso,Western Africa,Africa,134,4.032000065,0.35022771399999997,1.043280005,0.21584425899999998,0.32436785100000004,0.12032810599999999,0.250864685,1.7272129059999999
2017,Niger,Western Africa,Africa,135,4.027999878,0.161925331,0.993025005,0.268505007,0.363658696,0.138572946,0.22867384600000001,1.8739833830000001
2017,Malawi,Eastern Africa,Africa,136,3.970000029,0.23344203800000002,0.5125688310000001,0.315089583,0.466914654,0.072711654,0.28717047,2.0817861559999997
2017,Chad,Middle Africa,Africa,137,3.9360001089999996,0.438012987,0.953855872,0.041134715,0.162342027,0.053581882000000004,0.21611385,2.071238041
2017,Zimbabwe,Eastern Africa,Africa,138,3.875,0.375846535,1.083095908,0.19676375399999999,0.33638420700000005,0.095375381,0.189143494,1.597970247
2017,Lesotho,Southern Africa,Africa,139,3.808000088,0.5210212470000001,1.190095186,0.0,0.39066129899999996,0.11909464,0.157497272,1.42983532
2017,Angola,Middle Africa,Africa,140,3.7950000760000004,0.85842818,1.10441196,0.049868666,0.0,0.069720335,0.09792649,1.614482403
2017,Afghanistan,Southern Asia,Asia,141,3.79399991,0.40147721799999997,0.581543326,0.180746779,0.10617952,0.06115783,0.311870933,2.150801182
2017,Botswana,Southern Africa,Africa,142,3.766000032,1.122094154,1.221554995,0.34175550899999996,0.505196333,0.09858319900000001,0.099348448,0.377913713
2017,Benin,Western Africa,Africa,143,3.657000065,0.43108540799999995,0.435299844,0.209930211,0.425962776,0.060929015,0.207948461,1.885630965
2017,Madagascar,Eastern Africa,Africa,144,3.644000053,0.305808693,0.9130203720000001,0.375223309,0.189196765,0.067231975,0.20873253,1.584612608
2017,Haiti,Caribbean,North America,145,3.6029999260000003,0.368610263,0.640449822,0.27732113,0.030369857000000004,0.09987215,0.489203781,1.697167635
2017,Yemen,Western Asia,Asia,146,3.592999935,0.5916834470000001,0.9353822470000001,0.31008091600000004,0.249463722,0.056767423,0.10412520900000001,1.345600605
2017,South Sudan,Eastern Africa,Africa,147,3.59100008,0.397248626,0.601323128,0.163486004,0.147062436,0.116793513,0.28567081699999997,1.879567385
2017,Liberia,Western Africa,Africa,148,3.5329999919999997,0.119041793,0.8721179370000001,0.229918197,0.332881182,0.038948249,0.266549885,1.673285961
2017,Guinea,Western Africa,Africa,149,3.5069999689999998,0.24454993,0.791244686,0.19412913899999998,0.34858751299999996,0.110937618,0.264815092,1.5523118969999998
2017,Togo,Western Africa,Africa,150,3.4949998860000004,0.305444717,0.43188253,0.247105569,0.380426139,0.095665015,0.19689615100000002,1.837229252
2017,Rwanda,Eastern Africa,Africa,151,3.4709999560000004,0.368745893,0.945707023,0.326424807,0.581843853,0.455220014,0.252756029,0.540061235
2017,Syria,Western Asia,Asia,152,3.461999893,0.7771531340000001,0.39610260700000005,0.500533342,0.081539445,0.151347131,0.49366372799999997,1.061573505
2017,Tanzania,Eastern Africa,Africa,153,3.348999977,0.511135876,1.0419898029999999,0.364509284,0.390017778,0.066035107,0.35425636200000005,0.621130466
2017,Burundi,Eastern Africa,Africa,154,2.904999971,0.091622569,0.629793584,0.151610792,0.059900753,0.084147945,0.204435185,1.6830241680000002
2017,Central African Republic,Middle Africa,Africa,155,2.6930000780000003,0.0,0.0,0.018772686,0.270842046,0.056565076,0.280876487,2.066004753
2018,Finland,Northern Europe,Europe,1,7.632000000000001,1.305,1.5919999999999999,0.8740000000000001,0.6809999999999999,0.39299999999999996,0.20199999999999999,2.585
2018,Norway,Northern Europe,Europe,2,7.593999999999999,1.456,1.5819999999999999,0.861,0.6859999999999999,0.34,0.28600000000000003,2.383
2018,Denmark,Northern Europe,Europe,3,7.555,1.351,1.59,0.868,0.6829999999999999,0.408,0.284,2.371
2018,Iceland,Northern Europe,Europe,4,7.495,1.3430000000000002,1.6440000000000001,0.914,0.677,0.138,0.353,2.426
2018,Switzerland,Western Europe,Europe,5,7.487,1.42,1.5490000000000002,0.927,0.66,0.35700000000000004,0.256,2.318
2018,Netherlands,Western Europe,Europe,6,7.441,1.361,1.4880000000000002,0.878,0.638,0.295,0.33299999999999996,2.448
2018,Canada,Northern America,North America,7,7.327999999999999,1.33,1.5319999999999998,0.8959999999999999,0.653,0.29100000000000004,0.321,2.305
2018,New Zealand,Australia and New Zealand,Oceania,8,7.324,1.268,1.601,0.8759999999999999,0.669,0.389,0.365,2.156
2018,Sweden,Northern Europe,Europe,9,7.314,1.355,1.501,0.9129999999999999,0.659,0.38299999999999995,0.285,2.218
2018,Australia,Australia and New Zealand,Oceania,10,7.272,1.34,1.5730000000000002,0.91,0.647,0.302,0.361,2.1390000000000002
2018,United Kingdom,Northern Europe,Europe,11,7.19,1.244,1.433,0.888,0.46399999999999997,0.08199999999999999,0.262,2.8169999999999997
2018,Austria,Western Europe,Europe,12,7.138999999999999,1.341,1.504,0.8909999999999999,0.617,0.22399999999999998,0.242,2.32
2018,Costa Rica,Central America,North America,13,7.072,1.01,1.459,0.8170000000000001,0.632,0.10099999999999999,0.14300000000000002,2.91
2018,Ireland,Northern Europe,Europe,14,6.977,1.4480000000000002,1.5830000000000002,0.8759999999999999,0.614,0.306,0.307,1.8430000000000002
2018,Germany,Western Europe,Europe,15,6.965,1.34,1.474,0.861,0.586,0.28,0.273,2.151
2018,Belgium,Western Europe,Europe,16,6.9270000000000005,1.324,1.483,0.894,0.583,0.24,0.188,2.215
2018,Luxembourg,Western Europe,Europe,17,6.91,1.5759999999999998,1.52,0.8959999999999999,0.632,0.321,0.196,1.7690000000000001
2018,United States,Northern America,North America,18,6.886,1.3980000000000001,1.4709999999999999,0.8190000000000001,0.547,0.133,0.29100000000000004,2.227
2018,Israel,Western Asia,Asia,19,6.814,1.301,1.5590000000000002,0.883,0.5329999999999999,0.272,0.354,1.912
2018,United Arab Emirates,Western Asia,Asia,20,6.774,2.096,0.7759999999999999,0.67,0.284,0.0,0.18600000000000003,2.762
2018,Czech Republic,Eastern Europe,Europe,21,6.711,1.2329999999999999,1.489,0.8540000000000001,0.5429999999999999,0.034,0.064,2.494
2018,Malta,Southern Europe,Europe,22,6.627000000000001,1.27,1.525,0.884,0.645,0.142,0.376,1.785
2018,France,Western Europe,Europe,23,6.489,1.2930000000000001,1.466,0.9079999999999999,0.52,0.17600000000000002,0.098,2.028
2018,Mexico,Central America,North America,24,6.4879999999999995,1.038,1.252,0.7609999999999999,0.479,0.095,0.069,2.7939999999999996
2018,Chile,South America,South America,25,6.476,1.131,1.331,0.8079999999999999,0.431,0.061,0.19699999999999998,2.517
2018,Taiwan,Eastern Asia,Asia,26,6.441,1.365,1.436,0.857,0.418,0.078,0.151,2.136
2018,Panama,Central America,North America,27,6.43,1.112,1.4380000000000002,0.759,0.597,0.063,0.125,2.336
2018,Brazil,South America,South America,28,6.419,0.986,1.474,0.675,0.493,0.08800000000000001,0.11,2.593
2018,Argentina,South America,South America,29,6.388,1.073,1.4680000000000002,0.7440000000000001,0.57,0.054000000000000006,0.062,2.417
2018,Guatemala,Central America,North America,30,6.382000000000001,0.7809999999999999,1.268,0.608,0.604,0.071,0.179,2.8710000000000004
2018,Uruguay,South America,South America,31,6.379,1.093,1.459,0.7709999999999999,0.625,0.155,0.13,2.146
2018,Qatar,Western Asia,Asia,32,6.374,1.649,1.3030000000000002,0.748,0.654,0.171,0.256,1.5930000000000002
2018,Saudi Arabia,Western Asia,Asia,33,6.371,1.379,1.331,0.633,0.509,0.127,0.098,2.294
2018,Singapore,South-eastern Asia,Asia,34,6.343,1.5290000000000001,1.4509999999999998,1.008,0.631,0.457,0.261,1.006
2018,Malaysia,South-eastern Asia,Asia,35,6.322,1.161,1.258,0.669,0.35600000000000004,0.059000000000000004,0.311,2.508
2018,Spain,Southern Europe,Europe,36,6.31,1.251,1.538,0.965,0.449,0.07400000000000001,0.142,1.891
2018,Colombia,South America,South America,37,6.26,0.96,1.439,0.635,0.531,0.039,0.099,2.557
2018,Trinidad & Tobago,Caribbean,North America,38,6.192,1.2229999999999999,1.492,0.564,0.575,0.019,0.171,2.148
2018,Slovakia,Eastern Europe,Europe,39,6.172999999999999,1.21,1.537,0.7759999999999999,0.354,0.013999999999999999,0.11800000000000001,2.164
2018,El Salvador,Central America,North America,40,6.167000000000001,0.8059999999999999,1.2309999999999999,0.639,0.461,0.08199999999999999,0.065,2.883
2018,Nicaragua,Central America,North America,41,6.141,0.6679999999999999,1.319,0.7,0.527,0.128,0.20800000000000002,2.591
2018,Poland,Eastern Europe,Europe,42,6.122999999999999,1.176,1.4480000000000002,0.7809999999999999,0.546,0.064,0.10800000000000001,2.0
2018,Bahrain,Western Asia,Asia,43,6.105,1.338,1.3659999999999999,0.698,0.594,0.12300000000000001,0.243,1.743
2018,Uzbekistan,Central Asia,Asia,44,6.096,0.7190000000000001,1.584,0.605,0.7240000000000001,0.259,0.32799999999999996,1.8769999999999998
2018,Kuwait,Western Asia,Asia,45,6.082999999999999,1.474,1.301,0.675,0.5539999999999999,0.106,0.16699999999999998,1.806
2018,Thailand,South-eastern Asia,Asia,46,6.072,1.016,1.4169999999999998,0.7070000000000001,0.637,0.028999999999999998,0.364,1.902
2018,Italy,Southern Europe,Europe,47,6.0,1.264,1.501,0.946,0.281,0.027999999999999997,0.13699999999999998,1.8430000000000002
2018,Ecuador,South America,South America,48,5.973,0.889,1.33,0.736,0.556,0.12,0.114,2.228
2018,Belize,Central America,North America,49,5.956,0.807,1.101,0.474,0.593,0.08900000000000001,0.183,2.7089999999999996
2018,Lithuania,Northern Europe,Europe,50,5.952000000000001,1.197,1.527,0.716,0.35,0.006,0.026000000000000002,2.13
2018,Slovenia,Southern Europe,Europe,51,5.9479999999999995,1.219,1.506,0.856,0.633,0.051,0.16,1.5230000000000001
2018,Romania,Eastern Europe,Europe,52,5.945,1.1159999999999999,1.219,0.726,0.528,0.001,0.08800000000000001,2.267
2018,Latvia,Northern Europe,Europe,53,5.933,1.148,1.454,0.6709999999999999,0.363,0.066,0.092,2.1390000000000002
2018,Japan,Eastern Asia,Asia,54,5.915,1.294,1.462,0.988,0.5529999999999999,0.15,0.079,1.389
2018,Mauritius,Eastern Africa,Africa,55,5.891,1.09,1.3869999999999998,0.684,0.584,0.05,0.245,1.851
2018,Jamaica,Caribbean,North America,56,5.89,0.8190000000000001,1.493,0.693,0.575,0.031,0.096,2.1830000000000003
2018,South Korea,Eastern Asia,Asia,57,5.875,1.266,1.204,0.955,0.244,0.051,0.175,1.98
2018,Northern Cyprus,Western Europe,Europe,58,5.835,1.229,1.2109999999999999,0.909,0.495,0.154,0.179,1.6580000000000001
2018,Russia,Eastern Europe,Europe,59,5.81,1.151,1.479,0.599,0.39899999999999997,0.025,0.065,2.092
2018,Kazakhstan,Central Asia,Asia,60,5.79,1.143,1.516,0.631,0.45399999999999996,0.121,0.14800000000000002,1.777
2018,Cyprus,Western Asia,Asia,61,5.7620000000000005,1.229,1.1909999999999998,0.909,0.423,0.035,0.20199999999999999,1.7730000000000001
2018,Bolivia,South America,South America,62,5.752000000000001,0.7509999999999999,1.2229999999999999,0.508,0.606,0.054000000000000006,0.141,2.469
2018,Estonia,Northern Europe,Europe,63,5.739,1.2,1.5319999999999998,0.737,0.5529999999999999,0.174,0.086,1.4569999999999999
2018,Paraguay,South America,South America,64,5.681,0.835,1.5219999999999998,0.615,0.541,0.07400000000000001,0.162,1.932
2018,Peru,South America,South America,65,5.662999999999999,0.934,1.249,0.674,0.53,0.034,0.092,2.15
2018,Kosovo,Eastern Europe,Europe,66,5.662000000000001,0.855,1.23,0.578,0.44799999999999995,0.023,0.27399999999999997,2.254
2018,Moldova,Eastern Europe,Europe,67,5.64,0.657,1.301,0.62,0.23199999999999998,0.0,0.171,2.659
2018,Turkmenistan,Central Asia,Asia,68,5.636,1.016,1.5330000000000001,0.517,0.41700000000000004,0.037000000000000005,0.19899999999999998,1.9169999999999998
2018,Hungary,Eastern Europe,Europe,69,5.62,1.171,1.401,0.732,0.259,0.022000000000000002,0.061,1.974
2018,Libya,Northern Africa,Africa,70,5.566,0.985,1.35,0.5529999999999999,0.496,0.14800000000000002,0.11599999999999999,1.9180000000000001
2018,Philippines,South-eastern Asia,Asia,71,5.524,0.775,1.3119999999999998,0.513,0.643,0.105,0.12,2.056
2018,Honduras,Central America,North America,72,5.504,0.62,1.205,0.622,0.45899999999999996,0.07400000000000001,0.19699999999999998,2.327
2018,Belarus,Eastern Europe,Europe,73,5.483,1.0390000000000001,1.4980000000000002,0.7,0.307,0.154,0.10099999999999999,1.6840000000000002
2018,Turkey,Western Asia,Asia,74,5.483,1.148,1.38,0.6859999999999999,0.324,0.109,0.106,1.73
2018,Pakistan,Southern Asia,Asia,75,5.472,0.652,0.81,0.424,0.33399999999999996,0.113,0.21600000000000003,2.923
2018,Hong Kong,Eastern Asia,Asia,76,5.43,1.405,1.29,1.03,0.524,0.29100000000000004,0.24600000000000002,0.644
2018,Portugal,Southern Europe,Europe,77,5.41,1.188,1.429,0.884,0.562,0.017,0.055,1.275
2018,Serbia,Southern Europe,Europe,78,5.398,0.975,1.369,0.685,0.28800000000000003,0.043,0.134,1.9040000000000001
2018,Greece,Southern Europe,Europe,79,5.358,1.1540000000000001,1.202,0.879,0.131,0.044000000000000004,0.0,1.9480000000000002
2018,Lebanon,Western Asia,Asia,80,5.358,0.965,1.179,0.785,0.503,0.136,0.214,1.5759999999999998
2018,Montenegro,Southern Europe,Europe,81,5.347,1.0170000000000001,1.2790000000000001,0.7290000000000001,0.259,0.081,0.111,1.871
2018,Croatia,Southern Europe,Europe,82,5.321000000000001,1.115,1.161,0.737,0.38,0.039,0.12,1.7690000000000001
2018,Dominican Republic,Caribbean,North America,83,5.3020000000000005,0.982,1.4409999999999998,0.614,0.578,0.106,0.12,1.4609999999999999
2018,Algeria,Northern Africa,Africa,84,5.295,0.9790000000000001,1.1540000000000001,0.687,0.077,0.135,0.055,2.208
2018,Morocco,Northern Africa,Africa,85,5.254,0.779,0.797,0.669,0.46,0.07400000000000001,0.026000000000000002,2.449
2018,China,Eastern Asia,Asia,86,5.246,0.9890000000000001,1.1420000000000001,0.799,0.597,0.10300000000000001,0.028999999999999998,1.587
2018,Azerbaijan,Western Asia,Asia,87,5.2010000000000005,1.024,1.161,0.603,0.43,0.17600000000000002,0.031,1.776
2018,Tajikistan,Central Asia,Asia,88,5.199,0.474,1.166,0.598,0.292,0.034,0.187,2.448
2018,Macedonia,Southern Europe,Europe,89,5.185,0.9590000000000001,1.239,0.691,0.39399999999999996,0.052000000000000005,0.17300000000000001,1.6769999999999998
2018,Jordan,Western Asia,Asia,90,5.1610000000000005,0.8220000000000001,1.265,0.645,0.46799999999999997,0.134,0.13,1.6969999999999998
2018,Nigeria,Western Africa,Africa,91,5.155,0.6890000000000001,1.172,0.048,0.462,0.032,0.201,2.551
2018,Kyrgyzstan,Central Asia,Asia,92,5.131,0.53,1.416,0.594,0.54,0.035,0.281,1.735
2018,Bosnia and Herzegovina,Southern Europe,Europe,93,5.129,0.915,1.078,0.758,0.28,0.0,0.21600000000000003,1.882
2018,Mongolia,Eastern Asia,Asia,94,5.125,0.914,1.517,0.575,0.395,0.032,0.253,1.439
2018,Vietnam,South-eastern Asia,Asia,95,5.103,0.715,1.365,0.7020000000000001,0.618,0.079,0.177,1.4469999999999998
2018,Indonesia,South-eastern Asia,Asia,96,5.093,0.899,1.215,0.522,0.5379999999999999,0.018000000000000002,0.484,1.4169999999999998
2018,Bhutan,Southern Asia,Asia,97,5.082,0.7959999999999999,1.335,0.527,0.541,0.171,0.364,1.348
2018,Somalia,Eastern Africa,Africa,98,4.982,0.0,0.7120000000000001,0.115,0.674,0.282,0.23800000000000002,2.9610000000000003
2018,Cameroon,Middle Africa,Africa,99,4.975,0.535,0.8909999999999999,0.182,0.45399999999999996,0.043,0.183,2.687
2018,Bulgaria,Eastern Europe,Europe,100,4.933,1.054,1.515,0.7120000000000001,0.359,0.009000000000000001,0.064,1.22
2018,Nepal,Southern Asia,Asia,101,4.88,0.425,1.228,0.539,0.526,0.078,0.302,1.7819999999999998
2018,Venezuela,South America,South America,102,4.806,0.996,1.469,0.657,0.133,0.052000000000000005,0.055999999999999994,1.443
2018,Gabon,Middle Africa,Africa,103,4.758,1.036,1.1640000000000001,0.40399999999999997,0.35600000000000004,0.052000000000000005,0.032,1.714
2018,Palestinian Territories,Western Asia,Asia,104,4.743,0.642,1.217,0.602,0.266,0.076,0.086,1.854
2018,South Africa,Southern Africa,Africa,105,4.724,0.94,1.41,0.33,0.516,0.055999999999999994,0.10300000000000001,1.369
2018,Iran,Southern Asia,Asia,106,4.707,1.0590000000000002,0.7709999999999999,0.691,0.45899999999999996,0.129,0.282,1.3159999999999998
2018,Ivory Coast,Western Africa,Africa,107,4.671,0.541,0.872,0.08,0.467,0.10300000000000001,0.146,2.4619999999999997
2018,Ghana,Western Africa,Africa,108,4.657,0.5920000000000001,0.8959999999999999,0.337,0.499,0.028999999999999998,0.212,2.092
2018,Senegal,Western Africa,Africa,109,4.631,0.429,1.117,0.433,0.406,0.08199999999999999,0.138,2.026
2018,Laos,South-eastern Asia,Asia,110,4.623,0.72,1.034,0.441,0.626,0.174,0.23,1.3980000000000001
2018,Tunisia,Northern Africa,Africa,111,4.592,0.9,0.9059999999999999,0.69,0.271,0.063,0.04,1.722
2018,Albania,Southern Europe,Europe,112,4.586,0.9159999999999999,0.8170000000000001,0.79,0.419,0.032,0.149,1.463
2018,Sierra Leone,Western Africa,Africa,113,4.571000000000001,0.256,0.813,0.0,0.355,0.053,0.23800000000000002,2.8560000000000003
2018,Congo (Brazzaville),Middle Africa,Africa,114,4.559,0.682,0.8109999999999999,0.34299999999999997,0.514,0.077,0.091,2.041
2018,Bangladesh,Southern Asia,Asia,115,4.5,0.532,0.85,0.579,0.58,0.14400000000000002,0.153,1.662
2018,Sri Lanka,Southern Asia,Asia,116,4.471,0.9179999999999999,1.314,0.672,0.585,0.05,0.307,0.625
2018,Iraq,Western Asia,Asia,117,4.456,1.01,0.971,0.536,0.304,0.095,0.14800000000000002,1.392
2018,Mali,Western Africa,Africa,118,4.447,0.37,1.2329999999999999,0.152,0.36700000000000005,0.055999999999999994,0.139,2.13
2018,Namibia,Southern Africa,Africa,119,4.441,0.8740000000000001,1.281,0.365,0.519,0.064,0.051,1.287
2018,Cambodia,South-eastern Asia,Asia,120,4.433,0.5489999999999999,1.088,0.457,0.696,0.065,0.256,1.3219999999999998
2018,Burkina Faso,Western Africa,Africa,121,4.4239999999999995,0.314,1.097,0.254,0.312,0.128,0.175,2.144
2018,Egypt,Northern Africa,Africa,122,4.419,0.885,1.025,0.5529999999999999,0.312,0.107,0.092,1.445
2018,Mozambique,Eastern Africa,Africa,123,4.417,0.198,0.902,0.17300000000000001,0.531,0.158,0.20600000000000002,2.249
2018,Kenya,Eastern Africa,Africa,124,4.41,0.493,1.048,0.45399999999999996,0.504,0.055,0.35200000000000004,1.504
2018,Zambia,Eastern Africa,Africa,125,4.377,0.562,1.047,0.295,0.503,0.08199999999999999,0.221,1.6669999999999998
2018,Mauritania,Western Africa,Africa,126,4.356,0.557,1.245,0.292,0.129,0.09300000000000001,0.134,1.906
2018,Ethiopia,Eastern Africa,Africa,127,4.35,0.308,0.95,0.391,0.452,0.146,0.22,1.883
2018,Georgia,Western Asia,Asia,128,4.34,0.853,0.5920000000000001,0.643,0.375,0.215,0.038,1.624
2018,Armenia,Western Asia,Asia,129,4.321000000000001,0.816,0.99,0.6659999999999999,0.26,0.027999999999999997,0.077,1.484
2018,Myanmar,South-eastern Asia,Asia,130,4.308,0.682,1.1740000000000002,0.429,0.58,0.17800000000000002,0.598,0.667
2018,Chad,Middle Africa,Africa,131,4.301,0.358,0.907,0.053,0.18899999999999997,0.06,0.18100000000000002,2.553
2018,Congo (Kinshasa),Middle Africa,Africa,132,4.245,0.069,1.136,0.204,0.312,0.052000000000000005,0.19699999999999998,2.275
2018,India,Southern Asia,Asia,133,4.19,0.721,0.747,0.485,0.539,0.09300000000000001,0.172,1.433
2018,Niger,Western Africa,Africa,134,4.166,0.131,0.867,0.221,0.39,0.099,0.175,2.283
2018,Uganda,Eastern Africa,Africa,135,4.1610000000000005,0.322,1.09,0.237,0.45,0.061,0.259,1.742
2018,Benin,Western Africa,Africa,136,4.141,0.37799999999999995,0.37200000000000005,0.24,0.44,0.067,0.163,2.481
2018,Sudan,Northern Africa,Africa,137,4.138999999999999,0.605,1.24,0.312,0.016,0.08199999999999999,0.134,1.75
2018,Ukraine,Eastern Europe,Europe,138,4.103,0.7929999999999999,1.413,0.609,0.163,0.011000000000000001,0.187,0.927
2018,Togo,Western Africa,Africa,139,3.9989999999999997,0.259,0.474,0.253,0.434,0.10099999999999999,0.158,2.32
2018,Guinea,Western Africa,Africa,140,3.964,0.344,0.792,0.21100000000000002,0.39399999999999996,0.094,0.185,1.944
2018,Lesotho,Southern Africa,Africa,141,3.8080000000000003,0.47200000000000003,1.215,0.079,0.423,0.11199999999999999,0.11599999999999999,1.391
2018,Angola,Middle Africa,Africa,142,3.795,0.73,1.125,0.26899999999999996,0.0,0.061,0.079,1.531
2018,Madagascar,Eastern Africa,Africa,143,3.7739999999999996,0.262,0.9079999999999999,0.402,0.221,0.049,0.155,1.777
2018,Zimbabwe,Eastern Africa,Africa,144,3.6919999999999997,0.35700000000000004,1.094,0.248,0.406,0.099,0.132,1.3559999999999999
2018,Afghanistan,Southern Asia,Asia,145,3.6319999999999997,0.332,0.537,0.255,0.085,0.036000000000000004,0.191,2.1959999999999997
2018,Botswana,Southern Africa,Africa,146,3.59,1.0170000000000001,1.1740000000000002,0.41700000000000004,0.557,0.092,0.042,0.29100000000000004
2018,Malawi,Eastern Africa,Africa,147,3.5869999999999997,0.18600000000000003,0.541,0.306,0.531,0.08,0.21,1.733
2018,Haiti,Caribbean,North America,148,3.582,0.315,0.7140000000000001,0.289,0.025,0.10400000000000001,0.392,1.743
2018,Liberia,Western Africa,Africa,149,3.495,0.076,0.858,0.267,0.419,0.03,0.20600000000000002,1.639
2018,Syria,Western Asia,Asia,150,3.4619999999999997,0.6890000000000001,0.382,0.539,0.08800000000000001,0.14400000000000002,0.376,1.244
2018,Rwanda,Eastern Africa,Africa,151,3.408,0.332,0.8959999999999999,0.4,0.636,0.444,0.2,0.5
2018,Yemen,Western Asia,Asia,152,3.355,0.442,1.073,0.34299999999999997,0.244,0.064,0.083,1.1059999999999999
2018,Tanzania,Eastern Africa,Africa,153,3.303,0.455,0.991,0.381,0.48100000000000004,0.09699999999999999,0.27,0.628
2018,South Sudan,Eastern Africa,Africa,154,3.2539999999999996,0.337,0.608,0.177,0.11199999999999999,0.106,0.22399999999999998,1.69
2018,Central African Republic,Middle Africa,Africa,155,3.083,0.024,0.0,0.01,0.305,0.038,0.218,2.488
2018,Burundi,Eastern Africa,Africa,156,2.905,0.091,0.627,0.145,0.065,0.076,0.149,1.7519999999999998
2019,Finland,Northern Europe,Europe,1,7.769,1.34,1.587,0.986,0.596,0.39299999999999996,0.153,2.714
2019,Denmark,Northern Europe,Europe,2,7.6,1.383,1.5730000000000002,0.996,0.5920000000000001,0.41,0.252,2.394
2019,Norway,Northern Europe,Europe,3,7.553999999999999,1.4880000000000002,1.5819999999999999,1.028,0.603,0.341,0.271,2.241
2019,Iceland,Northern Europe,Europe,4,7.494,1.38,1.624,1.026,0.591,0.11800000000000001,0.354,2.401
2019,Netherlands,Western Europe,Europe,5,7.4879999999999995,1.396,1.5219999999999998,0.9990000000000001,0.557,0.298,0.322,2.394
2019,Switzerland,Western Europe,Europe,6,7.48,1.452,1.526,1.052,0.5720000000000001,0.34299999999999997,0.263,2.272
2019,Sweden,Northern Europe,Europe,7,7.343,1.3869999999999998,1.4869999999999999,1.0090000000000001,0.574,0.373,0.267,2.246
2019,New Zealand,Australia and New Zealand,Oceania,8,7.307,1.3030000000000002,1.557,1.026,0.585,0.38,0.33,2.126
2019,Canada,Northern America,North America,9,7.278,1.365,1.505,1.0390000000000001,0.584,0.308,0.285,2.1919999999999997
2019,Austria,Western Europe,Europe,10,7.246,1.376,1.475,1.016,0.532,0.226,0.244,2.377
2019,Australia,Australia and New Zealand,Oceania,11,7.228,1.3719999999999999,1.548,1.036,0.557,0.29,0.332,2.093
2019,Costa Rica,Central America,North America,12,7.167000000000001,1.034,1.4409999999999998,0.963,0.5579999999999999,0.09300000000000001,0.14400000000000002,2.9339999999999997
2019,Israel,Western Asia,Asia,13,7.138999999999999,1.276,1.455,1.0290000000000001,0.371,0.08199999999999999,0.261,2.665
2019,Luxembourg,Western Europe,Europe,14,7.09,1.609,1.479,1.012,0.526,0.316,0.19399999999999998,1.954
2019,United Kingdom,Northern Europe,Europe,15,7.053999999999999,1.3330000000000002,1.538,0.996,0.45,0.278,0.348,2.1109999999999998
2019,Ireland,Northern Europe,Europe,16,7.021,1.499,1.5530000000000002,0.9990000000000001,0.516,0.31,0.298,1.8459999999999999
2019,Germany,Western Europe,Europe,17,6.985,1.3730000000000002,1.454,0.987,0.495,0.265,0.261,2.15
2019,Belgium,Western Europe,Europe,18,6.922999999999999,1.3559999999999999,1.504,0.986,0.473,0.21,0.16,2.234
2019,United States,Northern America,North America,19,6.892,1.433,1.4569999999999999,0.8740000000000001,0.45399999999999996,0.128,0.28,2.266
2019,Czech Republic,Eastern Europe,Europe,20,6.852,1.2690000000000001,1.4869999999999999,0.92,0.457,0.036000000000000004,0.046,2.637
2019,United Arab Emirates,Western Asia,Asia,21,6.825,1.5030000000000001,1.31,0.825,0.598,0.182,0.262,2.145
2019,Malta,Southern Europe,Europe,22,6.726,1.3,1.52,0.9990000000000001,0.564,0.151,0.375,1.817
2019,Mexico,Central America,North America,23,6.595,1.07,1.3230000000000002,0.861,0.433,0.073,0.07400000000000001,2.761
2019,France,Western Europe,Europe,24,6.5920000000000005,1.324,1.472,1.045,0.436,0.183,0.111,2.021
2019,Taiwan,Eastern Asia,Asia,25,6.446000000000001,1.368,1.43,0.914,0.35100000000000003,0.09699999999999999,0.242,2.044
2019,Chile,South America,South America,26,6.444,1.159,1.369,0.92,0.35700000000000004,0.055999999999999994,0.187,2.396
2019,Guatemala,Central America,North America,27,6.436,0.8,1.2690000000000001,0.746,0.535,0.078,0.175,2.833
2019,Saudi Arabia,Western Asia,Asia,28,6.375,1.403,1.357,0.795,0.439,0.132,0.08,2.169
2019,Qatar,Western Asia,Asia,29,6.374,1.6840000000000002,1.3130000000000002,0.871,0.555,0.16699999999999998,0.22,1.564
2019,Spain,Southern Europe,Europe,30,6.354,1.286,1.484,1.062,0.36200000000000004,0.079,0.153,1.9280000000000002
2019,Panama,Central America,North America,31,6.321000000000001,1.149,1.442,0.91,0.516,0.054000000000000006,0.109,2.141
2019,Brazil,South America,South America,32,6.3,1.004,1.439,0.802,0.39,0.086,0.099,2.48
2019,Uruguay,South America,South America,33,6.292999999999999,1.124,1.465,0.8909999999999999,0.523,0.15,0.127,2.013
2019,Singapore,South-eastern Asia,Asia,34,6.2620000000000005,1.5719999999999998,1.463,1.141,0.556,0.45299999999999996,0.271,0.8059999999999999
2019,El Salvador,Central America,North America,35,6.252999999999999,0.794,1.242,0.789,0.43,0.07400000000000001,0.09300000000000001,2.8310000000000004
2019,Italy,Southern Europe,Europe,36,6.223,1.294,1.4880000000000002,1.0390000000000001,0.231,0.03,0.158,1.983
2019,Bahrain,Western Asia,Asia,37,6.199,1.3619999999999999,1.368,0.871,0.536,0.11,0.255,1.6969999999999998
2019,Slovakia,Eastern Europe,Europe,38,6.1979999999999995,1.246,1.504,0.8809999999999999,0.33399999999999996,0.013999999999999999,0.121,2.0980000000000003
2019,Trinidad & Tobago,Caribbean,North America,39,6.192,1.2309999999999999,1.4769999999999999,0.713,0.489,0.016,0.185,2.081
2019,Poland,Eastern Europe,Europe,40,6.182,1.206,1.4380000000000002,0.884,0.483,0.05,0.11699999999999999,2.004
2019,Uzbekistan,Central Asia,Asia,41,6.1739999999999995,0.745,1.5290000000000001,0.7559999999999999,0.631,0.24,0.322,1.9509999999999998
2019,Lithuania,Northern Europe,Europe,42,6.149,1.238,1.515,0.818,0.29100000000000004,0.042,0.043,2.202
2019,Colombia,South America,South America,43,6.125,0.985,1.41,0.841,0.47,0.034,0.099,2.286
2019,Slovenia,Southern Europe,Europe,44,6.117999999999999,1.258,1.5230000000000001,0.953,0.564,0.057,0.14400000000000002,1.619
2019,Nicaragua,Central America,North America,45,6.105,0.6940000000000001,1.325,0.835,0.435,0.127,0.2,2.489
2019,Kosovo,Eastern Europe,Europe,46,6.1,0.882,1.232,0.758,0.489,0.006,0.262,2.471
2019,Argentina,South America,South America,47,6.086,1.092,1.432,0.8809999999999999,0.47100000000000003,0.05,0.066,2.094
2019,Romania,Eastern Europe,Europe,48,6.07,1.162,1.232,0.825,0.462,0.005,0.083,2.301
2019,Cyprus,Western Asia,Asia,49,6.046,1.263,1.2229999999999999,1.042,0.406,0.040999999999999995,0.19,1.881
2019,Ecuador,South America,South America,50,6.028,0.912,1.3119999999999998,0.868,0.498,0.087,0.126,2.225
2019,Kuwait,Western Asia,Asia,51,6.021,1.5,1.319,0.8079999999999999,0.493,0.09699999999999999,0.142,1.662
2019,Thailand,South-eastern Asia,Asia,52,6.007999999999999,1.05,1.409,0.828,0.557,0.027999999999999997,0.359,1.777
2019,Latvia,Northern Europe,Europe,53,5.94,1.187,1.465,0.812,0.264,0.064,0.075,2.073
2019,South Korea,Eastern Asia,Asia,54,5.895,1.301,1.219,1.036,0.159,0.055999999999999994,0.175,1.949
2019,Estonia,Northern Europe,Europe,55,5.893,1.237,1.528,0.8740000000000001,0.495,0.161,0.10300000000000001,1.495
2019,Jamaica,Caribbean,North America,56,5.89,0.831,1.4780000000000002,0.831,0.49,0.027999999999999997,0.107,2.125
2019,Mauritius,Eastern Africa,Africa,57,5.888,1.12,1.402,0.7979999999999999,0.498,0.06,0.215,1.795
2019,Japan,Eastern Asia,Asia,58,5.886,1.327,1.419,1.088,0.445,0.14,0.069,1.3980000000000001
2019,Honduras,Central America,North America,59,5.86,0.642,1.236,0.828,0.507,0.078,0.24600000000000002,2.323
2019,Kazakhstan,Central Asia,Asia,60,5.809,1.173,1.508,0.7290000000000001,0.41,0.096,0.146,1.7469999999999999
2019,Bolivia,South America,South America,61,5.779,0.7759999999999999,1.209,0.706,0.511,0.064,0.13699999999999998,2.376
2019,Hungary,Eastern Europe,Europe,62,5.757999999999999,1.2009999999999998,1.41,0.828,0.19899999999999998,0.02,0.081,2.019
2019,Paraguay,South America,South America,63,5.742999999999999,0.855,1.475,0.777,0.514,0.08,0.184,1.858
2019,Northern Cyprus,Western Europe,Europe,64,5.718,1.263,1.252,1.042,0.41700000000000004,0.162,0.191,1.391
2019,Peru,South America,South America,65,5.697,0.96,1.274,0.8540000000000001,0.455,0.027000000000000003,0.083,2.044
2019,Portugal,Southern Europe,Europe,66,5.693,1.2209999999999999,1.431,0.9990000000000001,0.508,0.025,0.047,1.462
2019,Pakistan,Southern Asia,Asia,67,5.653,0.677,0.8859999999999999,0.535,0.313,0.098,0.22,2.924
2019,Russia,Eastern Europe,Europe,68,5.648,1.183,1.452,0.726,0.33399999999999996,0.031,0.08199999999999999,1.84
2019,Philippines,South-eastern Asia,Asia,69,5.631,0.807,1.2930000000000001,0.657,0.5579999999999999,0.107,0.11699999999999999,2.092
2019,Serbia,Southern Europe,Europe,70,5.603,1.004,1.383,0.8540000000000001,0.282,0.039,0.13699999999999998,1.9040000000000001
2019,Moldova,Eastern Europe,Europe,71,5.529,0.685,1.328,0.7390000000000001,0.245,0.0,0.18100000000000002,2.351
2019,Libya,Northern Africa,Africa,72,5.525,1.044,1.3030000000000002,0.6729999999999999,0.41600000000000004,0.152,0.133,1.804
2019,Montenegro,Southern Europe,Europe,73,5.523,1.051,1.361,0.871,0.19699999999999998,0.08,0.142,1.821
2019,Tajikistan,Central Asia,Asia,74,5.4670000000000005,0.493,1.0979999999999999,0.718,0.389,0.14400000000000002,0.23,2.395
2019,Croatia,Southern Europe,Europe,75,5.432,1.155,1.266,0.914,0.29600000000000004,0.022000000000000002,0.11900000000000001,1.66
2019,Hong Kong,Eastern Asia,Asia,76,5.43,1.4380000000000002,1.2770000000000001,1.122,0.44,0.287,0.258,0.608
2019,Dominican Republic,Caribbean,North America,77,5.425,1.015,1.401,0.779,0.49700000000000005,0.10099999999999999,0.113,1.5190000000000001
2019,Bosnia and Herzegovina,Southern Europe,Europe,78,5.386,0.945,1.212,0.845,0.212,0.006,0.263,1.903
2019,Turkey,Western Asia,Asia,79,5.372999999999999,1.183,1.36,0.8079999999999999,0.195,0.106,0.083,1.6380000000000001
2019,Malaysia,South-eastern Asia,Asia,80,5.3389999999999995,1.2209999999999999,1.171,0.828,0.508,0.024,0.26,1.327
2019,Belarus,Eastern Europe,Europe,81,5.3229999999999995,1.067,1.465,0.789,0.235,0.142,0.094,1.531
2019,Greece,Southern Europe,Europe,82,5.287000000000001,1.181,1.156,0.9990000000000001,0.067,0.034,0.0,1.85
2019,Mongolia,Eastern Asia,Asia,83,5.285,0.948,1.531,0.667,0.317,0.038,0.235,1.5490000000000002
2019,North Macedonia,Southern Europe,Europe,84,5.274,0.983,1.294,0.838,0.345,0.034,0.185,1.595
2019,Nigeria,Western Africa,Africa,85,5.265,0.696,1.111,0.245,0.426,0.040999999999999995,0.215,2.531
2019,Kyrgyzstan,Central Asia,Asia,86,5.261,0.551,1.4380000000000002,0.723,0.508,0.023,0.3,1.7180000000000002
2019,Turkmenistan,Central Asia,Asia,87,5.247000000000001,1.052,1.538,0.657,0.39399999999999996,0.027999999999999997,0.244,1.334
2019,Algeria,Northern Africa,Africa,88,5.211,1.002,1.16,0.785,0.086,0.114,0.073,1.9909999999999999
2019,Morocco,Northern Africa,Africa,89,5.207999999999999,0.8009999999999999,0.782,0.782,0.418,0.076,0.036000000000000004,2.313
2019,Azerbaijan,Western Asia,Asia,90,5.207999999999999,1.043,1.147,0.769,0.35100000000000003,0.182,0.035,1.681
2019,Lebanon,Western Asia,Asia,91,5.197,0.987,1.224,0.815,0.21600000000000003,0.027000000000000003,0.166,1.7619999999999998
2019,Indonesia,South-eastern Asia,Asia,92,5.192,0.9309999999999999,1.203,0.66,0.491,0.027999999999999997,0.498,1.381
2019,China,Eastern Asia,Asia,93,5.191,1.0290000000000001,1.125,0.893,0.521,0.1,0.057999999999999996,1.465
2019,Vietnam,South-eastern Asia,Asia,94,5.175,0.741,1.3459999999999999,0.851,0.5429999999999999,0.073,0.147,1.474
2019,Bhutan,Southern Asia,Asia,95,5.082,0.813,1.321,0.604,0.457,0.16699999999999998,0.37,1.35
2019,Cameroon,Middle Africa,Africa,96,5.044,0.5489999999999999,0.91,0.331,0.381,0.037000000000000005,0.187,2.6489999999999996
2019,Bulgaria,Eastern Europe,Europe,97,5.011,1.092,1.5130000000000001,0.815,0.311,0.004,0.081,1.195
2019,Ghana,Western Africa,Africa,98,4.996,0.611,0.868,0.486,0.381,0.04,0.245,2.365
2019,Ivory Coast,Western Africa,Africa,99,4.944,0.569,0.8079999999999999,0.23199999999999998,0.35200000000000004,0.09,0.154,2.739
2019,Nepal,Southern Asia,Asia,100,4.913,0.446,1.226,0.677,0.439,0.08900000000000001,0.285,1.751
2019,Jordan,Western Asia,Asia,101,4.906000000000001,0.8370000000000001,1.225,0.815,0.38299999999999995,0.13,0.11,1.406
2019,Benin,Western Africa,Africa,102,4.883,0.39299999999999996,0.43700000000000006,0.397,0.349,0.08199999999999999,0.175,3.05
2019,Congo (Brazzaville),Middle Africa,Africa,103,4.812,0.6729999999999999,0.799,0.508,0.37200000000000005,0.09300000000000001,0.105,2.262
2019,Gabon,Middle Africa,Africa,104,4.7989999999999995,1.057,1.183,0.5710000000000001,0.295,0.055,0.043,1.595
2019,Laos,South-eastern Asia,Asia,105,4.796,0.764,1.03,0.551,0.547,0.16399999999999998,0.266,1.474
2019,South Africa,Southern Africa,Africa,106,4.7219999999999995,0.96,1.351,0.469,0.389,0.055,0.13,1.368
2019,Albania,Southern Europe,Europe,107,4.718999999999999,0.9470000000000001,0.848,0.8740000000000001,0.38299999999999995,0.027000000000000003,0.17800000000000002,1.462
2019,Venezuela,South America,South America,108,4.707,0.96,1.4269999999999998,0.805,0.154,0.047,0.064,1.25
2019,Cambodia,South-eastern Asia,Asia,109,4.7,0.574,1.122,0.637,0.609,0.062,0.23199999999999998,1.464
2019,Palestinian Territories,Western Asia,Asia,110,4.696000000000001,0.657,1.247,0.672,0.225,0.066,0.10300000000000001,1.726
2019,Senegal,Western Africa,Africa,111,4.681,0.45,1.1340000000000001,0.5710000000000001,0.292,0.07200000000000001,0.153,2.009
2019,Somalia,Eastern Africa,Africa,112,4.668,0.0,0.698,0.268,0.5589999999999999,0.27,0.243,2.63
2019,Namibia,Southern Africa,Africa,113,4.638999999999999,0.879,1.3130000000000002,0.47700000000000004,0.401,0.055999999999999994,0.07,1.443
2019,Niger,Western Africa,Africa,114,4.628,0.138,0.774,0.366,0.318,0.102,0.188,2.742
2019,Burkina Faso,Western Africa,Africa,115,4.587,0.331,1.056,0.38,0.255,0.113,0.177,2.275
2019,Armenia,Western Asia,Asia,116,4.559,0.85,1.055,0.815,0.28300000000000003,0.064,0.095,1.3969999999999998
2019,Iran,Southern Asia,Asia,117,4.548,1.1,0.8420000000000001,0.785,0.305,0.125,0.27,1.121
2019,Guinea,Western Africa,Africa,118,4.534,0.38,0.8290000000000001,0.375,0.332,0.086,0.207,2.325
2019,Georgia,Western Asia,Asia,119,4.519,0.8859999999999999,0.6659999999999999,0.752,0.34600000000000003,0.16399999999999998,0.043,1.662
2019,Gambia,Western Africa,Africa,120,4.516,0.308,0.9390000000000001,0.428,0.382,0.16699999999999998,0.26899999999999996,2.023
2019,Kenya,Eastern Africa,Africa,121,4.5089999999999995,0.512,0.983,0.581,0.431,0.053,0.37200000000000005,1.577
2019,Mauritania,Western Africa,Africa,122,4.49,0.57,1.167,0.489,0.066,0.08800000000000001,0.106,2.004
2019,Mozambique,Eastern Africa,Africa,123,4.466,0.204,0.986,0.39,0.494,0.138,0.19699999999999998,2.057
2019,Tunisia,Northern Africa,Africa,124,4.461,0.9209999999999999,1.0,0.815,0.16699999999999998,0.055,0.059000000000000004,1.444
2019,Bangladesh,Southern Asia,Asia,125,4.456,0.562,0.9279999999999999,0.723,0.527,0.14300000000000002,0.166,1.4069999999999998
2019,Iraq,Western Asia,Asia,126,4.437,1.043,0.98,0.574,0.24100000000000002,0.08900000000000001,0.14800000000000002,1.3619999999999999
2019,Congo (Kinshasa),Middle Africa,Africa,127,4.418,0.094,1.125,0.35700000000000004,0.26899999999999996,0.053,0.212,2.3080000000000003
2019,Mali,Western Africa,Africa,128,4.39,0.385,1.105,0.308,0.327,0.052000000000000005,0.153,2.06
2019,Sierra Leone,Western Africa,Africa,129,4.374,0.268,0.841,0.242,0.309,0.045,0.252,2.417
2019,Sri Lanka,Southern Asia,Asia,130,4.3660000000000005,0.9490000000000001,1.265,0.831,0.47,0.047,0.244,0.56
2019,Myanmar,South-eastern Asia,Asia,131,4.36,0.71,1.181,0.555,0.525,0.172,0.5660000000000001,0.6509999999999999
2019,Chad,Middle Africa,Africa,132,4.35,0.35,0.7659999999999999,0.192,0.174,0.078,0.198,2.592
2019,Ukraine,Eastern Europe,Europe,133,4.332,0.82,1.39,0.7390000000000001,0.17800000000000002,0.01,0.187,1.008
2019,Ethiopia,Eastern Africa,Africa,134,4.2860000000000005,0.336,1.033,0.532,0.344,0.1,0.209,1.732
2019,Swaziland,Southern Africa,Africa,135,4.212,0.8109999999999999,1.149,0.0,0.313,0.135,0.07400000000000001,1.73
2019,Uganda,Eastern Africa,Africa,136,4.189,0.332,1.069,0.44299999999999995,0.35600000000000004,0.06,0.252,1.6769999999999998
2019,Egypt,Northern Africa,Africa,137,4.166,0.9129999999999999,1.0390000000000001,0.644,0.24100000000000002,0.067,0.076,1.186
2019,Zambia,Eastern Africa,Africa,138,4.107,0.578,1.058,0.426,0.431,0.087,0.247,1.28
2019,Togo,Western Africa,Africa,139,4.085,0.275,0.5720000000000001,0.41,0.293,0.085,0.177,2.273
2019,India,Southern Asia,Asia,140,4.015,0.755,0.765,0.588,0.498,0.085,0.2,1.124
2019,Liberia,Western Africa,Africa,141,3.975,0.073,0.922,0.44299999999999995,0.37,0.033,0.233,1.901
2019,Comoros,Eastern Africa,Africa,142,3.9730000000000003,0.27399999999999997,0.757,0.505,0.142,0.078,0.275,1.942
2019,Madagascar,Eastern Africa,Africa,143,3.9330000000000003,0.27399999999999997,0.9159999999999999,0.555,0.14800000000000002,0.040999999999999995,0.16899999999999998,1.83
2019,Lesotho,Southern Africa,Africa,144,3.802,0.489,1.169,0.168,0.359,0.09300000000000001,0.107,1.4169999999999998
2019,Burundi,Eastern Africa,Africa,145,3.775,0.046,0.447,0.38,0.22,0.18,0.17600000000000002,2.326
2019,Zimbabwe,Eastern Africa,Africa,146,3.6630000000000003,0.366,1.114,0.433,0.361,0.08900000000000001,0.151,1.149
2019,Haiti,Caribbean,North America,147,3.597,0.32299999999999995,0.688,0.449,0.026000000000000002,0.11,0.419,1.5819999999999999
2019,Botswana,Southern Africa,Africa,148,3.488,1.041,1.145,0.5379999999999999,0.455,0.1,0.025,0.184
2019,Syria,Western Asia,Asia,149,3.4619999999999997,0.619,0.37799999999999995,0.44,0.013000000000000001,0.141,0.331,1.54
2019,Malawi,Eastern Africa,Africa,150,3.41,0.191,0.56,0.495,0.44299999999999995,0.08900000000000001,0.218,1.4140000000000001
2019,Yemen,Western Asia,Asia,151,3.38,0.287,1.163,0.46299999999999997,0.14300000000000002,0.077,0.10800000000000001,1.139
2019,Rwanda,Eastern Africa,Africa,152,3.3339999999999996,0.359,0.711,0.614,0.555,0.41100000000000003,0.217,0.467
2019,Tanzania,Eastern Africa,Africa,153,3.2310000000000003,0.47600000000000003,0.885,0.499,0.41700000000000004,0.147,0.276,0.531
2019,Afghanistan,Southern Asia,Asia,154,3.2030000000000003,0.35,0.517,0.361,0.0,0.025,0.158,1.7919999999999998
2019,Central African Republic,Middle Africa,Africa,155,3.083,0.026000000000000002,0.0,0.105,0.225,0.035,0.235,2.457
2019,South Sudan,Eastern Africa,Africa,156,2.853,0.306,0.575,0.295,0.01,0.091,0.20199999999999999,1.374
